id,first_name,last_name,email,gender,ip_address
1,Katherine,Alvarez,kalvarez0@nhs.uk,Female,37.31.214.216
2,Harry,Nguyen,hnguyen1@nbcnews.com,Male,226.230.151.176
3,Carolyn,Robertson,crobertson2@intel.com,Female,58.126.171.61
4,Evelyn,Mills,emills3@ocn.ne.jp,Female,68.130.92.237
5,Teresa,Elliott,telliott4@symantec.com,Female,69.221.125.216
6,Jacqueline,Griffin,jgriffin5@berkeley.edu,Female,14.27.158.94
7,Bonnie,Fowler,bfowler6@springer.com,Female,111.52.9.107
8,Amanda,Watson,awatson7@linkedin.com,Female,181.215.253.151
9,Ruth,Clark,rclark8@microsoft.com,Female,113.159.45.185
10,Amy,Coleman,acoleman9@shop-pro.jp,Female,245.94.135.238
11,Christine,Howell,chowella@harvard.edu,Female,83.156.3.65
12,Julie,Hudson,jhudsonb@oakley.com,Female,51.253.94.198
13,Timothy,Boyd,tboydc@squarespace.com,Male,172.169.82.250
14,Willie,Lane,wlaned@sphinn.com,Male,34.142.23.173
15,Julie,Kennedy,jkennedye@google.cn,Female,30.169.113.252
16,Adam,Scott,ascottf@mozilla.com,Male,154.53.11.121
17,Kelly,Hart,khartg@addtoany.com,Female,8.49.25.132
18,Dorothy,Ellis,dellish@blinklist.com,Female,246.60.147.235
19,Phyllis,Alvarez,palvarezi@apache.org,Female,60.94.255.66
20,Judith,Rose,jrosej@livejournal.com,Female,201.41.0.167
21,Bobby,Baker,bbakerk@de.vu,Male,149.60.127.162
22,Christine,Holmes,cholmesl@auda.org.au,Female,79.75.193.180
23,Andrea,Reid,areidm@studiopress.com,Female,235.8.151.255
24,Ruth,Ford,rfordn@netvibes.com,Female,62.89.44.218
25,Paul,Ward,pwardo@dropbox.com,Male,29.128.137.186
26,Ralph,Foster,rfosterp@europa.eu,Male,220.58.111.58
27,Diana,Hawkins,dhawkinsq@dropbox.com,Female,130.145.61.166
28,Harry,Barnes,hbarnesr@symantec.com,Male,210.141.25.26
29,Robert,Murphy,rmurphys@edublogs.org,Male,155.139.250.100
30,Phillip,Rice,pricet@yellowbook.com,Male,3.64.148.235
31,Diana,Payne,dpayneu@apache.org,Female,33.240.231.114
32,Teresa,Gonzales,tgonzalesv@vk.com,Female,146.57.192.195
33,Donna,Gonzales,dgonzalesw@yandex.ru,Female,97.150.111.251
34,Lillian,Jackson,ljacksonx@shutterfly.com,Female,138.99.255.135
35,Robin,Weaver,rweavery@tamu.edu,Female,57.50.214.167
36,Carlos,Mason,cmasonz@forbes.com,Male,125.213.103.252
37,Dennis,Cox,dcox10@google.nl,Male,9.54.244.50
38,Andrew,Nelson,anelson11@4shared.com,Male,56.99.143.231
39,Brenda,Jones,bjones12@rediff.com,Female,179.15.216.73
40,Ann,Medina,amedina13@instagram.com,Female,99.70.68.202
41,Louis,Hart,lhart14@nature.com,Male,205.250.246.38
42,Katherine,Edwards,kedwards15@webs.com,Female,192.181.183.143
43,Nicole,Martin,nmartin16@nsw.gov.au,Female,8.244.236.141
44,Thomas,Day,tday17@jiathis.com,Male,60.241.216.112
45,Donna,Johnson,djohnson18@51.la,Female,18.140.156.177
46,Phillip,Kim,pkim19@myspace.com,Male,198.178.70.31
47,Edward,Boyd,eboyd1a@phpbb.com,Male,91.159.189.136
48,Evelyn,Arnold,earnold1b@bluehost.com,Female,45.211.236.194
49,Tina,Sanchez,tsanchez1c@hibu.com,Female,45.166.16.58
50,Nicole,Ray,nray1d@wufoo.com,Female,145.163.251.193
51,Patrick,Ortiz,portiz1e@shutterfly.com,Male,36.127.79.9
52,Philip,Schmidt,pschmidt1f@bravesites.com,Male,229.254.151.60
53,Tammy,Ferguson,tferguson1g@nytimes.com,Female,58.8.125.98
54,Betty,Romero,bromero1h@mapy.cz,Female,211.135.213.190
55,Lillian,Morris,lmorris1i@nature.com,Female,102.73.77.206
56,Susan,Young,syoung1j@time.com,Female,98.5.47.199
57,Annie,Peterson,apeterson1k@admin.ch,Female,24.69.247.195
58,Patricia,Rice,price1l@newsvine.com,Female,69.91.177.253
59,Christina,Watkins,cwatkins1m@fastcompany.com,Female,151.186.222.78
60,Kevin,Miller,kmiller1n@lulu.com,Male,45.78.188.234
61,Eugene,Spencer,espencer1o@hubpages.com,Male,62.151.176.254
62,Amanda,Thomas,athomas1p@taobao.com,Female,193.252.54.250
63,Sarah,Clark,sclark1q@ehow.com,Female,74.253.51.132
64,Rose,Torres,rtorres1r@google.com,Female,80.227.88.107
65,Jose,Hunt,jhunt1s@goo.gl,Male,243.23.127.6
66,Karen,Hawkins,khawkins1t@house.gov,Female,212.16.92.250
67,Jose,Smith,jsmith1u@ibm.com,Male,175.34.76.181
68,Dorothy,Hawkins,dhawkins1v@nba.com,Female,87.186.84.185
69,Frank,Burton,fburton1w@is.gd,Male,30.228.245.165
70,Robert,Fields,rfields1x@timesonline.co.uk,Male,222.43.235.30
71,Kelly,Larson,klarson1y@gov.uk,Female,244.229.13.171
72,Denise,Hernandez,dhernandez1z@cloudflare.com,Female,22.83.217.157
73,Craig,Reyes,creyes20@ihg.com,Male,244.226.6.56
74,David,Harrison,dharrison21@google.it,Male,13.250.5.183
75,Virginia,Andrews,vandrews22@washington.edu,Female,3.29.116.255
76,Phyllis,Sims,psims23@google.com.au,Female,159.7.89.82
77,Sara,Ross,sross24@thetimes.co.uk,Female,35.213.107.17
78,Terry,Riley,triley25@google.nl,Male,213.72.114.5
79,Samuel,Ruiz,sruiz26@nationalgeographic.com,Male,130.44.78.195
80,Emily,Kelly,ekelly27@php.net,Female,103.129.99.213
81,Terry,Mason,tmason28@cargocollective.com,Male,23.188.5.75
82,Jerry,Robinson,jrobinson29@yelp.com,Male,60.12.56.192
83,Martin,Rice,mrice2a@parallels.com,Male,171.222.192.183
84,Shawn,Willis,swillis2b@newsvine.com,Male,59.41.213.230
85,Phillip,Davis,pdavis2c@clickbank.net,Male,130.108.208.206
86,Larry,Clark,lclark2d@nba.com,Male,115.76.98.89
87,Betty,Cole,bcole2e@de.vu,Female,29.65.16.179
88,Johnny,Cruz,jcruz2f@slashdot.org,Male,251.78.123.146
89,Kathleen,Duncan,kduncan2g@cloudflare.com,Female,242.237.144.40
90,Jennifer,Richardson,jrichardson2h@github.io,Female,233.34.76.87
91,Joan,Moreno,jmoreno2i@infoseek.co.jp,Female,157.111.80.201
92,Ryan,Armstrong,rarmstrong2j@yelp.com,Male,136.82.144.115
93,Arthur,Romero,aromero2k@usda.gov,Male,99.53.57.202
94,Terry,Stevens,tstevens2l@mediafire.com,Male,120.105.195.131
95,Billy,Stevens,bstevens2m@histats.com,Male,19.131.211.31
96,Ruby,Martin,rmartin2n@msn.com,Female,193.188.89.211
97,Emily,Bryant,ebryant2o@ucoz.ru,Female,205.114.217.18
98,Rachel,Weaver,rweaver2p@bbc.co.uk,Female,242.197.90.155
99,Cynthia,Stephens,cstephens2q@google.nl,Female,195.105.106.140
100,Phyllis,Garrett,pgarrett2r@gizmodo.com,Female,87.235.92.245
101,Timothy,Sullivan,tsullivan2s@squarespace.com,Male,225.125.210.5
102,Jack,Roberts,jroberts2t@tripadvisor.com,Male,158.178.35.125
103,Evelyn,Hansen,ehansen2u@engadget.com,Female,111.218.221.224
104,Keith,Bennett,kbennett2v@last.fm,Male,139.59.153.123
105,Daniel,Morgan,dmorgan2w@netvibes.com,Male,181.49.177.156
106,Judy,Dean,jdean2x@opera.com,Female,50.53.88.173
107,Maria,Hart,mhart2y@stanford.edu,Female,14.100.71.73
108,Anthony,Perkins,aperkins2z@bbc.co.uk,Male,44.7.224.222
109,Jason,Banks,jbanks30@sphinn.com,Male,236.158.63.29
110,George,Mills,gmills31@cargocollective.com,Male,3.182.121.215
111,Chris,Jackson,cjackson32@artisteer.com,Male,141.239.122.159
112,Harold,Griffin,hgriffin33@mozilla.com,Male,226.21.251.115
113,Maria,Graham,mgraham34@oakley.com,Female,123.253.188.202
114,Fred,Walker,fwalker35@nydailynews.com,Male,10.69.217.146
115,Fred,Wilson,fwilson36@ustream.tv,Male,94.37.215.160
116,Ronald,Martin,rmartin37@nationalgeographic.com,Male,207.199.48.73
117,Charles,Black,cblack38@wired.com,Male,75.76.7.22
118,Rachel,Vasquez,rvasquez39@icq.com,Female,136.186.22.48
119,Randy,Baker,rbaker3a@joomla.org,Male,49.84.38.63
120,Gloria,Knight,gknight3b@friendfeed.com,Female,129.179.214.39
121,Laura,Scott,lscott3c@dyndns.org,Female,40.197.255.204
122,Daniel,Day,dday3d@pbs.org,Male,126.98.83.201
123,Ruth,Howell,rhowell3e@e-recht24.de,Female,59.180.90.232
124,Eugene,Stewart,estewart3f@indiegogo.com,Male,69.221.107.93
125,Ann,Miller,amiller3g@mail.ru,Female,200.53.3.40
126,Julie,Scott,jscott3h@angelfire.com,Female,106.102.21.158
127,Matthew,Campbell,mcampbell3i@sciencedirect.com,Male,39.99.64.97
128,Ralph,Kim,rkim3j@nationalgeographic.com,Male,8.146.39.79
129,David,Campbell,dcampbell3k@hatena.ne.jp,Male,91.184.58.153
130,Rachel,Simmons,rsimmons3l@slideshare.net,Female,155.191.87.202
131,Peter,Reyes,preyes3m@parallels.com,Male,161.151.146.250
132,Christine,Diaz,cdiaz3n@nasa.gov,Female,226.50.81.91
133,Janice,Dixon,jdixon3o@google.co.jp,Female,149.80.49.83
134,Jose,Walker,jwalker3p@privacy.gov.au,Male,251.42.82.221
135,Louise,Jones,ljones3q@chicagotribune.com,Female,81.63.58.23
136,Dennis,Long,dlong3r@ca.gov,Male,240.37.46.52
137,Lillian,Long,llong3s@weebly.com,Female,157.190.239.188
138,George,Morgan,gmorgan3t@goo.ne.jp,Male,182.141.170.96
139,Kathryn,Washington,kwashington3u@va.gov,Female,249.135.39.0
140,Bobby,Bell,bbell3v@indiegogo.com,Male,54.227.156.180
141,Anne,Wilson,awilson3w@soup.io,Female,36.178.58.137
142,Sara,Perry,sperry3x@google.fr,Female,46.144.243.213
143,Martha,Fields,mfields3y@reverbnation.com,Female,212.220.145.3
144,Anne,Kelly,akelly3z@adobe.com,Female,36.131.105.152
145,Alice,Watkins,awatkins40@ted.com,Female,75.179.178.138
146,Sandra,Matthews,smatthews41@reddit.com,Female,226.1.0.63
147,Phillip,Fox,pfox42@photobucket.com,Male,201.115.102.16
148,Sarah,Mitchell,smitchell43@smugmug.com,Female,23.37.156.52
149,Larry,Dean,ldean44@imageshack.us,Male,203.42.49.65
150,Benjamin,Payne,bpayne45@nps.gov,Male,156.111.165.172
151,Robin,Warren,rwarren46@umn.edu,Female,52.33.122.93
152,Jeffrey,Morrison,jmorrison47@naver.com,Male,81.234.206.95
153,Edward,King,eking48@php.net,Male,211.144.198.147
154,Sara,Jacobs,sjacobs49@mail.ru,Female,131.194.9.193
155,Catherine,Wallace,cwallace4a@statcounter.com,Female,233.155.127.195
156,Shawn,Stewart,sstewart4b@etsy.com,Male,140.208.203.37
157,Brandon,Peterson,bpeterson4c@craigslist.org,Male,5.165.209.78
158,Irene,Nguyen,inguyen4d@e-recht24.de,Female,46.156.142.206
159,Beverly,Crawford,bcrawford4e@moonfruit.com,Female,191.51.138.59
160,Aaron,Morrison,amorrison4f@pinterest.com,Male,27.174.94.206
161,Shirley,Turner,sturner4g@weather.com,Female,13.229.211.139
162,Carol,Palmer,cpalmer4h@hibu.com,Female,229.27.52.19
163,Cynthia,Turner,cturner4i@slideshare.net,Female,58.138.0.208
164,Kevin,Cruz,kcruz4j@tumblr.com,Male,52.163.199.69
165,Melissa,Hall,mhall4k@stumbleupon.com,Female,148.172.241.9
166,Margaret,Payne,mpayne4l@facebook.com,Female,172.134.226.154
167,Alice,Lopez,alopez4m@linkedin.com,Female,251.88.210.188
168,Phillip,Olson,polson4n@omniture.com,Male,152.2.212.72
169,Edward,Matthews,ematthews4o@google.com.hk,Male,92.243.16.56
170,Doris,Phillips,dphillips4p@yelp.com,Female,5.152.99.162
171,Charles,Henderson,chenderson4q@yellowpages.com,Male,51.199.90.114
172,Mark,Carter,mcarter4r@amazon.co.jp,Male,15.22.20.158
173,Joe,Gonzales,jgonzales4s@nytimes.com,Male,221.113.102.12
174,Alan,Hunt,ahunt4t@constantcontact.com,Male,44.52.7.118
175,Jimmy,Ramos,jramos4u@seesaa.net,Male,212.91.174.39
176,Kathleen,Mendoza,kmendoza4v@shinystat.com,Female,237.128.80.42
177,Harry,Meyer,hmeyer4w@ehow.com,Male,69.198.161.0
178,Shirley,Spencer,sspencer4x@4shared.com,Female,151.56.206.232
179,Sarah,Morgan,smorgan4y@dagondesign.com,Female,162.206.17.45
180,Howard,Richardson,hrichardson4z@nature.com,Male,68.112.146.22
181,Samuel,Palmer,spalmer50@fc2.com,Male,92.23.19.135
182,Steven,Ferguson,sferguson51@dagondesign.com,Male,238.228.139.235
183,Daniel,Lane,dlane52@msn.com,Male,106.48.120.43
184,Helen,Bryant,hbryant53@phpbb.com,Female,210.41.95.64
185,Carl,Mills,cmills54@earthlink.net,Male,240.199.136.10
186,Annie,Ward,award55@uol.com.br,Female,123.3.228.13
187,Marie,Burke,mburke56@ebay.co.uk,Female,85.80.182.70
188,Ronald,Hunt,rhunt57@shop-pro.jp,Male,97.51.253.76
189,Kathy,Sullivan,ksullivan58@umn.edu,Female,254.51.174.221
190,Russell,Stanley,rstanley59@liveinternet.ru,Male,60.251.173.238
191,Tammy,Jenkins,tjenkins5a@army.mil,Female,228.92.47.56
192,Clarence,Taylor,ctaylor5b@sourceforge.net,Male,48.8.198.80
193,Phillip,Bradley,pbradley5c@miitbeian.gov.cn,Male,107.112.74.18
194,Harry,Mills,hmills5d@soundcloud.com,Male,39.38.250.75
195,Steve,Frazier,sfrazier5e@bloglines.com,Male,71.237.57.188
196,Amy,Black,ablack5f@oracle.com,Female,100.1.188.184
197,Craig,Coleman,ccoleman5g@mapy.cz,Male,171.73.243.240
198,Ryan,Powell,rpowell5h@php.net,Male,70.140.122.15
199,Jesse,Burton,jburton5i@bluehost.com,Male,23.20.239.246
200,Gerald,Dean,gdean5j@businessinsider.com,Male,161.15.244.127
201,Ashley,Howell,ahowell5k@soup.io,Female,185.98.18.149
202,Ruby,Anderson,randerson5l@mapy.cz,Female,8.36.172.142
203,Eric,Hansen,ehansen5m@indiegogo.com,Male,191.97.142.100
204,Mary,Burke,mburke5n@imdb.com,Female,88.160.238.6
205,Andrew,Collins,acollins5o@time.com,Male,180.108.219.68
206,William,Welch,wwelch5p@psu.edu,Male,143.139.23.146
207,Emily,Jackson,ejackson5q@illinois.edu,Female,229.197.208.143
208,Angela,Harris,aharris5r@elegantthemes.com,Female,40.160.189.186
209,Judy,Fuller,jfuller5s@nsw.gov.au,Female,133.62.237.218
210,Marilyn,Peterson,mpeterson5t@sphinn.com,Female,1.95.16.73
211,Margaret,Robinson,mrobinson5u@businesswire.com,Female,126.222.8.148
212,Adam,King,aking5v@flickr.com,Male,47.236.216.130
213,Peter,Campbell,pcampbell5w@joomla.org,Male,211.122.83.193
214,Jose,Cook,jcook5x@baidu.com,Male,131.208.124.75
215,Patrick,Hamilton,phamilton5y@sun.com,Male,10.121.231.174
216,Jean,Stephens,jstephens5z@businesswire.com,Female,97.134.229.48
217,Samuel,Carr,scarr60@amazon.co.jp,Male,124.108.150.199
218,Emily,Roberts,eroberts61@yahoo.co.jp,Female,94.127.183.150
219,Walter,Jones,wjones62@narod.ru,Male,36.149.22.169
220,Walter,Lewis,wlewis63@constantcontact.com,Male,200.93.165.127
221,Mary,Fisher,mfisher64@over-blog.com,Female,62.131.55.161
222,Sean,Chapman,schapman65@mapquest.com,Male,121.48.67.132
223,Maria,Lawrence,mlawrence66@arstechnica.com,Female,77.201.128.121
224,Chris,Daniels,cdaniels67@homestead.com,Male,58.52.117.249
225,Edward,Mason,emason68@nps.gov,Male,218.68.117.22
226,Paul,Stone,pstone69@163.com,Male,82.97.22.103
227,Timothy,Oliver,toliver6a@ycombinator.com,Male,206.53.196.24
228,Jack,Berry,jberry6b@europa.eu,Male,184.68.42.114
229,Denise,Brooks,dbrooks6c@nature.com,Female,16.9.237.22
230,Adam,Marshall,amarshall6d@e-recht24.de,Male,14.196.105.188
231,Terry,Stevens,tstevens6e@merriam-webster.com,Male,42.243.129.92
232,Samuel,Mcdonald,smcdonald6f@last.fm,Male,122.102.231.61
233,Dennis,Wright,dwright6g@istockphoto.com,Male,26.215.243.223
234,Benjamin,Owens,bowens6h@mozilla.org,Male,138.244.130.141
235,Juan,Lynch,jlynch6i@state.gov,Male,12.116.107.47
236,Nicholas,Ray,nray6j@irs.gov,Male,81.51.90.49
237,Lois,Porter,lporter6k@thetimes.co.uk,Female,76.132.217.90
238,Doris,Stone,dstone6l@miibeian.gov.cn,Female,234.184.169.128
239,Shawn,Morgan,smorgan6m@narod.ru,Male,36.237.10.10
240,Carlos,Williams,cwilliams6n@1688.com,Male,94.126.70.146
241,Jack,Miller,jmiller6o@plala.or.jp,Male,198.9.216.60
242,Christopher,Patterson,cpatterson6p@reuters.com,Male,85.64.77.160
243,Anthony,Watkins,awatkins6q@smh.com.au,Male,30.96.6.13
244,Jack,Williams,jwilliams6r@fastcompany.com,Male,241.101.118.201
245,Larry,Phillips,lphillips6s@stumbleupon.com,Male,136.134.255.244
246,Kenneth,Garrett,kgarrett6t@sun.com,Male,53.181.11.93
247,Brenda,Patterson,bpatterson6u@dyndns.org,Female,127.85.51.35
248,Joseph,Young,jyoung6v@state.tx.us,Male,233.222.50.125
249,Kathleen,Martinez,kmartinez6w@gmpg.org,Female,58.106.173.83
250,Jose,Henderson,jhenderson6x@patch.com,Male,240.75.30.129
251,Marilyn,Harrison,mharrison6y@mozilla.com,Female,209.235.22.59
252,Lori,Richards,lrichards6z@pbs.org,Female,205.84.18.15
253,Victor,Gomez,vgomez70@house.gov,Male,81.208.83.98
254,Shirley,Ferguson,sferguson71@quantcast.com,Female,244.186.234.80
255,Mary,Rogers,mrogers72@bizjournals.com,Female,94.191.190.175
256,Andrew,Grant,agrant73@archive.org,Male,120.75.22.91
257,Stephen,Jackson,sjackson74@simplemachines.org,Male,93.180.43.219
258,Antonio,Murphy,amurphy75@tmall.com,Male,1.136.245.89
259,Virginia,Welch,vwelch76@un.org,Female,42.132.5.4
260,Bruce,Washington,bwashington77@discuz.net,Male,118.163.62.31
261,Lillian,Burke,lburke78@eepurl.com,Female,107.125.42.168
262,Diana,Tucker,dtucker79@epa.gov,Female,117.74.210.147
263,Martin,Adams,madams7a@arizona.edu,Male,177.100.106.208
264,Todd,Kim,tkim7b@loc.gov,Male,232.149.76.97
265,Stephen,Ray,sray7c@patch.com,Male,50.24.211.81
266,Jonathan,Tucker,jtucker7d@economist.com,Male,133.234.185.7
267,Robin,Fox,rfox7e@privacy.gov.au,Female,152.10.55.15
268,Wanda,Hudson,whudson7f@mozilla.org,Female,34.81.183.180
269,Joyce,Gutierrez,jgutierrez7g@ucsd.edu,Female,245.191.111.115
270,Carlos,Miller,cmiller7h@washington.edu,Male,93.131.253.172
271,Julia,Patterson,jpatterson7i@ow.ly,Female,200.231.155.164
272,Douglas,Day,dday7j@youtu.be,Male,253.222.96.89
273,Shirley,Chavez,schavez7k@hibu.com,Female,68.163.80.131
274,Marie,Foster,mfoster7l@timesonline.co.uk,Female,33.126.126.224
275,Emily,Garza,egarza7m@woothemes.com,Female,72.247.230.245
276,Martha,Griffin,mgriffin7n@seattletimes.com,Female,82.210.205.4
277,Ashley,Richardson,arichardson7o@tamu.edu,Female,66.246.18.85
278,Betty,Ruiz,bruiz7p@businessinsider.com,Female,30.4.205.181
279,Scott,Bailey,sbailey7q@dropbox.com,Male,100.189.99.125
280,Todd,Kelley,tkelley7r@google.com.br,Male,111.183.13.210
281,Wayne,Lawson,wlawson7s@nationalgeographic.com,Male,125.47.127.39
282,Joe,Webb,jwebb7t@i2i.jp,Male,47.49.239.52
283,Billy,Rodriguez,brodriguez7u@youtube.com,Male,72.220.7.43
284,Christine,West,cwest7v@howstuffworks.com,Female,212.220.38.99
285,Annie,Hart,ahart7w@discuz.net,Female,21.204.14.229
286,Deborah,Gordon,dgordon7x@t-online.de,Female,156.231.26.217
287,Martin,Mendoza,mmendoza7y@yolasite.com,Male,165.54.90.112
288,Jason,Porter,jporter7z@weebly.com,Male,152.57.117.207
289,Adam,Perry,aperry80@state.gov,Male,184.105.140.158
290,Jimmy,Bradley,jbradley81@e-recht24.de,Male,101.171.8.85
291,Jonathan,Olson,jolson82@reddit.com,Male,138.112.72.139
292,Irene,Sanchez,isanchez83@dailymotion.com,Female,186.145.94.193
293,Ashley,Stephens,astephens84@comcast.net,Female,189.93.218.156
294,Heather,Perkins,hperkins85@feedburner.com,Female,17.101.219.206
295,Jennifer,Ward,jward86@imgur.com,Female,66.109.150.24
296,Shawn,Baker,sbaker87@sitemeter.com,Male,151.105.216.245
297,Wanda,Rose,wrose88@census.gov,Female,242.51.227.222
298,Lois,Anderson,landerson89@gizmodo.com,Female,52.207.248.60
299,Mark,Armstrong,marmstrong8a@nba.com,Male,40.94.137.86
300,Henry,Day,hday8b@phoca.cz,Male,96.255.195.207
301,Brenda,Murray,bmurray8c@domainmarket.com,Female,177.201.205.201
302,Judy,Willis,jwillis8d@goo.ne.jp,Female,161.250.226.190
303,Joan,Matthews,jmatthews8e@dailymail.co.uk,Female,58.114.20.201
304,Robert,Dixon,rdixon8f@t-online.de,Male,160.121.177.100
305,Christopher,Bennett,cbennett8g@jigsy.com,Male,223.17.56.69
306,Randy,Griffin,rgriffin8h@cpanel.net,Male,227.81.14.206
307,Albert,Sullivan,asullivan8i@cyberchimps.com,Male,144.53.95.35
308,Nicole,Armstrong,narmstrong8j@epa.gov,Female,243.32.243.223
309,Alan,Riley,ariley8k@drupal.org,Male,196.135.208.53
310,Teresa,King,tking8l@symantec.com,Female,228.101.220.169
311,Henry,Gardner,hgardner8m@alexa.com,Male,229.29.85.242
312,Thomas,Peters,tpeters8n@example.com,Male,73.138.48.137
313,Edward,Hicks,ehicks8o@devhub.com,Male,94.100.64.116
314,Carl,Andrews,candrews8p@phoca.cz,Male,169.102.131.78
315,Linda,White,lwhite8q@facebook.com,Female,147.239.216.37
316,Sarah,Martinez,smartinez8r@netvibes.com,Female,234.147.66.13
317,Raymond,Martin,rmartin8s@cmu.edu,Male,107.158.76.188
318,Douglas,Morales,dmorales8t@list-manage.com,Male,232.36.166.81
319,Joyce,Barnes,jbarnes8u@youku.com,Female,140.98.242.201
320,Beverly,Armstrong,barmstrong8v@pinterest.com,Female,64.2.168.19
321,Tammy,James,tjames8w@topsy.com,Female,22.121.193.178
322,Phillip,Jordan,pjordan8x@java.com,Male,146.202.120.125
323,Steve,Gardner,sgardner8y@plala.or.jp,Male,218.146.165.134
324,Irene,Miller,imiller8z@nature.com,Female,223.124.52.93
325,Lawrence,Hughes,lhughes90@forbes.com,Male,98.162.129.213
326,Jimmy,Thomas,jthomas91@prweb.com,Male,126.38.172.39
327,Victor,Vasquez,vvasquez92@blinklist.com,Male,30.79.248.143
328,Deborah,Coleman,dcoleman93@lulu.com,Female,168.67.143.7
329,Fred,Reid,freid94@theglobeandmail.com,Male,253.57.108.30
330,Wanda,Coleman,wcoleman95@github.io,Female,95.50.217.56
331,James,Webb,jwebb96@hubpages.com,Male,30.228.97.120
332,Roy,Williams,rwilliams97@i2i.jp,Male,216.73.51.156
333,Annie,James,ajames98@disqus.com,Female,233.62.216.108
334,Stephen,Burke,sburke99@rediff.com,Male,242.58.176.119
335,Peter,Sanders,psanders9a@comsenz.com,Male,250.129.46.254
336,Rebecca,Howard,rhoward9b@slashdot.org,Female,109.66.217.207
337,Katherine,Hayes,khayes9c@weibo.com,Female,207.147.64.114
338,Billy,Bell,bbell9d@meetup.com,Male,27.136.252.54
339,Diane,Morrison,dmorrison9e@ucla.edu,Female,195.178.113.131
340,Fred,Harvey,fharvey9f@google.pl,Male,96.129.153.150
341,Wayne,Wagner,wwagner9g@163.com,Male,96.168.234.181
342,Peter,Howell,phowell9h@tiny.cc,Male,12.163.188.163
343,Norma,Burke,nburke9i@joomla.org,Female,123.144.115.102
344,Ernest,Ruiz,eruiz9j@house.gov,Male,165.227.54.216
345,Kimberly,Hawkins,khawkins9k@linkedin.com,Female,198.21.204.241
346,Wayne,Lynch,wlynch9l@bandcamp.com,Male,155.115.43.187
347,Adam,Scott,ascott9m@nasa.gov,Male,58.4.143.154
348,Roy,Ortiz,rortiz9n@psu.edu,Male,161.25.5.61
349,Betty,Woods,bwoods9o@360.cn,Female,101.181.197.43
350,Sean,Moreno,smoreno9p@accuweather.com,Male,207.95.225.18
351,Nicholas,Jenkins,njenkins9q@ibm.com,Male,156.3.27.194
352,Wayne,Stewart,wstewart9r@livejournal.com,Male,86.44.117.117
353,Craig,Howard,choward9s@ed.gov,Male,186.102.101.18
354,Thomas,Medina,tmedina9t@miitbeian.gov.cn,Male,221.8.205.129
355,Lawrence,Powell,lpowell9u@mozilla.org,Male,50.134.139.17
356,Steve,Collins,scollins9v@abc.net.au,Male,146.94.107.67
357,Martin,Wood,mwood9w@tumblr.com,Male,63.168.239.43
358,Alan,Reid,areid9x@nytimes.com,Male,58.143.66.189
359,Wanda,Wood,wwood9y@t-online.de,Female,126.116.249.67
360,Nancy,Murphy,nmurphy9z@who.int,Female,145.51.156.200
361,Ruth,Diaz,rdiaza0@amazon.co.jp,Female,149.227.36.76
362,Joseph,Fuller,jfullera1@behance.net,Male,210.156.187.134
363,Carl,Ward,cwarda2@msu.edu,Male,179.132.212.213
364,Norma,Wilson,nwilsona3@woothemes.com,Female,230.30.114.101
365,Norma,Harris,nharrisa4@apache.org,Female,37.72.187.0
366,Helen,Young,hyounga5@smugmug.com,Female,248.62.53.126
367,Jason,Kennedy,jkennedya6@sogou.com,Male,61.185.134.169
368,Ann,Garrett,agarretta7@ebay.co.uk,Female,134.116.48.91
369,Antonio,Cole,acolea8@delicious.com,Male,83.108.240.82
370,Juan,Peterson,jpetersona9@zimbio.com,Male,156.181.24.241
371,Richard,Hart,rhartaa@simplemachines.org,Male,109.141.18.9
372,Anna,Larson,alarsonab@google.com.au,Female,142.183.109.154
373,Willie,Morales,wmoralesac@nyu.edu,Male,212.140.65.230
374,Karen,Armstrong,karmstrongad@fda.gov,Female,138.128.204.67
375,Craig,Cole,ccoleae@icq.com,Male,142.129.201.200
376,Ashley,Simmons,asimmonsaf@slideshare.net,Female,187.154.250.35
377,Jason,Hanson,jhansonag@phoca.cz,Male,86.252.116.247
378,Jerry,Burns,jburnsah@theatlantic.com,Male,91.56.52.9
379,Martha,Dean,mdeanai@ucoz.ru,Female,65.217.134.73
380,Lisa,Foster,lfosteraj@google.co.uk,Female,158.100.29.199
381,Diane,Kim,dkimak@paginegialle.it,Female,77.95.243.54
382,Shawn,Foster,sfosteral@jugem.jp,Male,167.54.235.131
383,Bobby,Boyd,bboydam@ihg.com,Male,37.230.202.129
384,Wanda,Montgomery,wmontgomeryan@prweb.com,Female,45.102.68.240
385,Virginia,Hall,vhallao@bbc.co.uk,Female,150.96.46.54
386,Jesse,Sanchez,jsanchezap@cyberchimps.com,Male,221.120.94.85
387,Norma,Flores,nfloresaq@ycombinator.com,Female,162.92.150.164
388,Bobby,Burke,bburkear@storify.com,Male,131.245.125.158
389,Joe,Morales,jmoralesas@go.com,Male,169.124.241.206
390,Kevin,Johnston,kjohnstonat@springer.com,Male,143.231.151.11
391,Sara,Webb,swebbau@blogs.com,Female,100.107.203.200
392,Christopher,Jenkins,cjenkinsav@state.gov,Male,136.156.12.241
393,Catherine,Sanders,csandersaw@dyndns.org,Female,82.205.23.243
394,Keith,Gonzales,kgonzalesax@linkedin.com,Male,18.1.108.175
395,Steve,Carpenter,scarpenteray@mozilla.org,Male,5.151.14.142
396,Diane,Ellis,dellisaz@gnu.org,Female,28.72.159.107
397,Joshua,Reed,jreedb0@gizmodo.com,Male,145.54.62.231
398,Billy,Stevens,bstevensb1@noaa.gov,Male,255.23.222.79
399,Diane,Hayes,dhayesb2@plala.or.jp,Female,219.99.100.13
400,Jerry,Williamson,jwilliamsonb3@netscape.com,Male,163.121.180.131
401,Susan,Wright,swrightb4@ameblo.jp,Female,52.186.201.97
402,Harry,Gonzales,hgonzalesb5@deviantart.com,Male,18.69.12.77
403,Scott,Kelly,skellyb6@salon.com,Male,220.184.118.201
404,Doris,Porter,dporterb7@biglobe.ne.jp,Female,67.106.144.121
405,Joyce,Morgan,jmorganb8@mtv.com,Female,140.245.221.5
406,Jeremy,Hunter,jhunterb9@gravatar.com,Male,27.254.149.136
407,Carolyn,Kelly,ckellyba@cloudflare.com,Female,110.141.149.118
408,Steven,Harper,sharperbb@cloudflare.com,Male,130.167.45.182
409,Charles,Flores,cfloresbc@creativecommons.org,Male,19.57.59.213
410,William,Bell,wbellbd@wufoo.com,Male,141.233.181.254
411,Terry,Jordan,tjordanbe@nature.com,Male,232.199.41.221
412,Wayne,Reynolds,wreynoldsbf@uiuc.edu,Male,205.144.22.191
413,Ruth,Tucker,rtuckerbg@unblog.fr,Female,237.71.1.83
414,Nicholas,Gomez,ngomezbh@nba.com,Male,37.189.81.99
415,Dorothy,Perez,dperezbi@cpanel.net,Female,178.26.191.207
416,Virginia,Diaz,vdiazbj@de.vu,Female,70.86.131.0
417,Brenda,Armstrong,barmstrongbk@weebly.com,Female,83.91.167.33
418,Joyce,Fields,jfieldsbl@infoseek.co.jp,Female,123.162.114.133
419,Mary,Morgan,mmorganbm@amazonaws.com,Female,234.123.207.19
420,William,Rodriguez,wrodriguezbn@shop-pro.jp,Male,61.8.166.188
421,Joe,Gomez,jgomezbo@alexa.com,Male,49.103.207.12
422,Louise,Garrett,lgarrettbp@hexun.com,Female,44.115.248.171
423,Cynthia,Lawson,clawsonbq@bloglovin.com,Female,189.252.144.144
424,Nancy,Butler,nbutlerbr@merriam-webster.com,Female,74.79.37.254
425,Janice,Hicks,jhicksbs@google.nl,Female,69.16.3.95
426,Jose,Franklin,jfranklinbt@techcrunch.com,Male,119.132.211.199
427,Anthony,Kim,akimbu@nih.gov,Male,81.8.44.83
428,James,Jones,jjonesbv@ovh.net,Male,191.229.56.222
429,Carlos,Stewart,cstewartbw@hp.com,Male,2.192.248.45
430,Louise,Elliott,lelliottbx@hatena.ne.jp,Female,19.167.152.209
431,Kathryn,Holmes,kholmesby@nyu.edu,Female,188.50.115.223
432,Jeffrey,Robinson,jrobinsonbz@cbslocal.com,Male,199.69.172.184
433,Nicholas,Brooks,nbrooksc0@salon.com,Male,142.226.242.246
434,Nancy,Ryan,nryanc1@google.co.jp,Female,124.243.85.9
435,Melissa,Watson,mwatsonc2@baidu.com,Female,65.6.49.129
436,Angela,Shaw,ashawc3@mapy.cz,Female,142.209.93.54
437,Wayne,Barnes,wbarnesc4@hexun.com,Male,102.147.79.212
438,Lisa,Smith,lsmithc5@uiuc.edu,Female,61.7.125.132
439,Kathryn,Carpenter,kcarpenterc6@altervista.org,Female,179.237.218.45
440,Jimmy,Williamson,jwilliamsonc7@topsy.com,Male,157.207.229.20
441,Justin,Washington,jwashingtonc8@goo.ne.jp,Male,83.218.201.151
442,Michael,Riley,mrileyc9@ifeng.com,Male,29.97.120.180
443,Douglas,Walker,dwalkerca@gravatar.com,Male,20.99.252.102
444,Billy,Gibson,bgibsoncb@bluehost.com,Male,251.244.89.151
445,Ralph,Turner,rturnercc@blogtalkradio.com,Male,127.246.160.216
446,Raymond,Harper,rharpercd@abc.net.au,Male,91.11.250.116
447,Robert,Morgan,rmorgance@gov.uk,Male,11.152.71.80
448,Bonnie,Schmidt,bschmidtcf@washington.edu,Female,220.119.156.231
449,Carolyn,Kim,ckimcg@goo.gl,Female,255.14.132.161
450,Donna,Boyd,dboydch@about.com,Female,142.171.145.41
451,Richard,Griffin,rgriffinci@sina.com.cn,Male,2.240.226.22
452,Kevin,Sanders,ksanderscj@si.edu,Male,73.18.159.24
453,Judith,Day,jdayck@pcworld.com,Female,167.228.235.54
454,Patricia,King,pkingcl@prlog.org,Female,44.103.243.171
455,Teresa,Thomas,tthomascm@cam.ac.uk,Female,178.88.206.121
456,Irene,Russell,irussellcn@economist.com,Female,83.161.167.250
457,Nicholas,Ryan,nryanco@umn.edu,Male,94.30.65.250
458,Julia,Peters,jpeterscp@opera.com,Female,17.165.25.192
459,Charles,Garrett,cgarrettcq@a8.net,Male,28.189.113.224
460,Beverly,Bowman,bbowmancr@drupal.org,Female,99.113.103.49
461,Jesse,Taylor,jtaylorcs@gmpg.org,Male,220.252.205.135
462,Christine,Rose,crosect@free.fr,Female,32.212.250.41
463,Carlos,Peterson,cpetersoncu@senate.gov,Male,179.141.211.187
464,Stephanie,Wells,swellscv@usnews.com,Female,204.219.170.68
465,Judy,Owens,jowenscw@samsung.com,Female,17.186.75.36
466,Jack,Wallace,jwallacecx@indiatimes.com,Male,37.224.204.45
467,Patricia,Jones,pjonescy@quantcast.com,Female,81.242.214.226
468,Joe,Lopez,jlopezcz@usa.gov,Male,236.145.146.20
469,Phillip,Ramirez,pramirezd0@slashdot.org,Male,69.121.97.103
470,Virginia,Carpenter,vcarpenterd1@miitbeian.gov.cn,Female,161.225.120.152
471,Michael,Garza,mgarzad2@usgs.gov,Male,237.173.45.157
472,Ann,Dean,adeand3@xing.com,Female,80.128.22.44
473,Jean,Barnes,jbarnesd4@ifeng.com,Female,171.11.253.155
474,Teresa,Wagner,twagnerd5@google.ca,Female,147.245.168.236
475,Jane,Little,jlittled6@example.com,Female,164.34.60.53
476,Martha,White,mwhited7@adobe.com,Female,19.103.146.55
477,Joshua,Freeman,jfreemand8@dagondesign.com,Male,6.90.124.207
478,Robert,Bailey,rbaileyd9@youtube.com,Male,200.180.6.175
479,Frances,Ryan,fryanda@bandcamp.com,Female,10.58.100.223
480,Roger,Webb,rwebbdb@mapy.cz,Male,108.251.122.54
481,Carol,Howell,chowelldc@people.com.cn,Female,77.1.138.48
482,Roy,Foster,rfosterdd@china.com.cn,Male,126.153.150.56
483,Janice,Stephens,jstephensde@businessweek.com,Female,244.193.104.131
484,Lori,Dean,ldeandf@netscape.com,Female,38.97.36.254
485,Larry,Rose,lrosedg@discuz.net,Male,130.147.52.176
486,Anthony,Edwards,aedwardsdh@unc.edu,Male,140.4.249.133
487,Sarah,Robinson,srobinsondi@scientificamerican.com,Female,94.201.161.230
488,Louis,Welch,lwelchdj@chicagotribune.com,Male,84.8.128.219
489,Frank,Bennett,fbennettdk@ifeng.com,Male,15.92.214.200
490,Donna,Ross,drossdl@myspace.com,Female,84.134.205.189
491,Anne,Larson,alarsondm@independent.co.uk,Female,198.132.243.170
492,Christina,Richards,crichardsdn@cnet.com,Female,192.115.56.240
493,Doris,Reynolds,dreynoldsdo@desdev.cn,Female,212.189.39.27
494,Victor,Cooper,vcooperdp@flickr.com,Male,194.81.241.233
495,Johnny,George,jgeorgedq@senate.gov,Male,76.44.12.181
496,Betty,Peterson,bpetersondr@ox.ac.uk,Female,145.174.206.89
497,Stephen,Miller,smillerds@godaddy.com,Male,103.34.91.58
498,Melissa,Kelly,mkellydt@upenn.edu,Female,157.212.129.49
499,Robert,Hansen,rhansendu@ihg.com,Male,51.10.68.245
500,Robin,Phillips,rphillipsdv@prnewswire.com,Female,106.136.69.132
501,Timothy,Perez,tperezdw@mapy.cz,Male,95.111.89.12
502,Phillip,Day,pdaydx@bigcartel.com,Male,183.14.106.95
503,Raymond,Harvey,rharveydy@constantcontact.com,Male,5.23.8.253
504,Teresa,Lawrence,tlawrencedz@blog.com,Female,17.155.241.174
505,Ann,Bishop,abishope0@yandex.ru,Female,110.226.56.21
506,Ralph,Patterson,rpattersone1@360.cn,Male,61.187.180.178
507,Virginia,Moore,vmooree2@icio.us,Female,116.151.35.114
508,Sharon,Berry,sberrye3@rediff.com,Female,184.86.214.214
509,Cheryl,Howard,chowarde4@bravesites.com,Female,115.218.246.215
510,Douglas,Hart,dharte5@printfriendly.com,Male,171.50.141.155
511,Sara,Burke,sburkee6@spotify.com,Female,54.169.14.138
512,Shawn,Harvey,sharveye7@pinterest.com,Male,147.193.74.225
513,Doris,Warren,dwarrene8@w3.org,Female,253.69.214.205
514,Ruby,Harris,rharrise9@wordpress.org,Female,210.97.174.135
515,Kevin,Mason,kmasonea@ehow.com,Male,197.10.233.30
516,Joseph,Bradley,jbradleyeb@weebly.com,Male,217.251.200.115
517,Michelle,Wood,mwoodec@thetimes.co.uk,Female,16.10.121.109
518,Peter,Duncan,pduncaned@cmu.edu,Male,221.5.131.100
519,Kimberly,Chapman,kchapmanee@wikia.com,Female,106.198.77.67
520,Jason,Wright,jwrightef@de.vu,Male,154.15.249.177
521,Louise,Burke,lburkeeg@huffingtonpost.com,Female,136.195.197.207
522,Jesse,Powell,jpowelleh@wikispaces.com,Male,208.187.45.173
523,Kathleen,Harvey,kharveyei@aol.com,Female,164.122.146.218
524,Beverly,Chapman,bchapmanej@berkeley.edu,Female,102.101.22.91
525,Tammy,Hansen,thansenek@trellian.com,Female,90.60.72.165
526,Marilyn,Martinez,mmartinezel@prweb.com,Female,145.41.36.244
527,Susan,Mills,smillsem@cornell.edu,Female,128.104.78.150
528,Theresa,Hanson,thansonen@angelfire.com,Female,252.100.148.69
529,Julia,Bennett,jbennetteo@booking.com,Female,195.34.62.116
530,Sara,Howard,showardep@weebly.com,Female,22.234.250.24
531,Jennifer,Rodriguez,jrodriguezeq@arstechnica.com,Female,57.69.196.140
532,Kelly,Henderson,khendersoner@hugedomains.com,Female,252.170.41.86
533,Jacqueline,Larson,jlarsones@goo.ne.jp,Female,27.11.162.43
534,Timothy,Butler,tbutleret@miitbeian.gov.cn,Male,45.152.108.234
535,Mark,Jenkins,mjenkinseu@ft.com,Male,19.55.38.41
536,Keith,Butler,kbutlerev@digg.com,Male,24.38.87.40
537,Raymond,Spencer,rspencerew@ehow.com,Male,10.159.12.148
538,Johnny,Knight,jknightex@technorati.com,Male,191.126.186.106
539,Jason,Carr,jcarrey@dropbox.com,Male,3.74.10.81
540,Jimmy,Hicks,jhicksez@e-recht24.de,Male,74.46.82.245
541,Peter,Wells,pwellsf0@squidoo.com,Male,63.195.199.5
542,Rebecca,Clark,rclarkf1@ovh.net,Female,177.36.199.61
543,Victor,Cunningham,vcunninghamf2@scribd.com,Male,74.60.150.79
544,Debra,Powell,dpowellf3@thetimes.co.uk,Female,49.225.79.0
545,Norma,Ortiz,nortizf4@discovery.com,Female,160.78.212.14
546,Earl,Cox,ecoxf5@nps.gov,Male,22.143.17.2
547,Bonnie,Lawrence,blawrencef6@epa.gov,Female,111.172.112.209
548,Karen,Arnold,karnoldf7@xrea.com,Female,15.210.81.210
549,Larry,Scott,lscottf8@blogger.com,Male,52.108.34.18
550,Jeremy,Little,jlittlef9@omniture.com,Male,232.9.5.206
551,Wanda,Flores,wfloresfa@foxnews.com,Female,190.64.66.174
552,Lawrence,Cook,lcookfb@elpais.com,Male,30.255.54.140
553,George,Dunn,gdunnfc@google.fr,Male,66.130.31.58
554,Todd,Freeman,tfreemanfd@businessweek.com,Male,155.116.146.197
555,Janet,Carpenter,jcarpenterfe@geocities.jp,Female,202.243.244.143
556,Debra,Kennedy,dkennedyff@baidu.com,Female,51.246.43.138
557,Joan,Hamilton,jhamiltonfg@ucsd.edu,Female,213.111.119.183
558,Jessica,Ray,jrayfh@wufoo.com,Female,2.5.178.167
559,Christine,Brown,cbrownfi@nba.com,Female,131.149.102.156
560,Janice,Ellis,jellisfj@dedecms.com,Female,69.164.171.80
561,Patricia,Garza,pgarzafk@webmd.com,Female,14.173.165.33
562,Tina,Richardson,trichardsonfl@latimes.com,Female,127.224.4.195
563,Steve,Hughes,shughesfm@ask.com,Male,193.58.57.163
564,Keith,White,kwhitefn@umn.edu,Male,91.171.24.233
565,Alice,Mason,amasonfo@boston.com,Female,145.200.230.243
566,Janet,Myers,jmyersfp@cafepress.com,Female,121.93.218.29
567,Lisa,Andrews,landrewsfq@joomla.org,Female,39.1.212.128
568,Wayne,Ortiz,wortizfr@cnn.com,Male,214.117.188.212
569,Melissa,Mitchell,mmitchellfs@devhub.com,Female,3.135.249.25
570,Barbara,Smith,bsmithft@reference.com,Female,198.162.188.109
571,Debra,Vasquez,dvasquezfu@devhub.com,Female,48.11.103.181
572,William,Hawkins,whawkinsfv@si.edu,Male,144.201.114.246
573,Jason,Lane,jlanefw@wix.com,Male,129.186.143.188
574,Judy,Mendoza,jmendozafx@nifty.com,Female,163.48.239.93
575,Adam,Torres,atorresfy@earthlink.net,Male,244.79.201.2
576,Anthony,Turner,aturnerfz@hostgator.com,Male,56.99.235.189
577,Angela,Hughes,ahughesg0@springer.com,Female,211.196.188.66
578,Chris,Hunter,chunterg1@geocities.jp,Male,49.255.135.220
579,Billy,Wallace,bwallaceg2@ezinearticles.com,Male,81.59.12.118
580,Judith,Kelley,jkelleyg3@wsj.com,Female,85.148.20.160
581,Richard,Hill,rhillg4@google.ru,Male,223.210.58.235
582,Catherine,Kelly,ckellyg5@techcrunch.com,Female,221.168.133.46
583,Benjamin,Cooper,bcooperg6@dedecms.com,Male,152.105.65.241
584,Marilyn,Collins,mcollinsg7@t-online.de,Female,73.70.239.20
585,Wanda,Ortiz,wortizg8@google.it,Female,185.126.109.225
586,Patricia,Harrison,pharrisong9@theatlantic.com,Female,168.204.49.130
587,Walter,Olson,wolsonga@mac.com,Male,168.87.206.129
588,Diana,Bryant,dbryantgb@booking.com,Female,237.145.182.156
589,Victor,Morris,vmorrisgc@nyu.edu,Male,117.199.181.73
590,Catherine,Lewis,clewisgd@state.tx.us,Female,98.193.227.252
591,Juan,Garcia,jgarciage@e-recht24.de,Male,219.102.102.238
592,Billy,Medina,bmedinagf@europa.eu,Male,158.15.167.250
593,Russell,Freeman,rfreemangg@slashdot.org,Male,116.171.15.170
594,Thomas,Henry,thenrygh@themeforest.net,Male,219.86.80.208
595,Anna,Hanson,ahansongi@imgur.com,Female,240.56.77.125
596,Mildred,Wheeler,mwheelergj@ox.ac.uk,Female,91.154.52.107
597,Kenneth,Morgan,kmorgangk@senate.gov,Male,169.128.220.182
598,Raymond,Wright,rwrightgl@issuu.com,Male,34.89.30.141
599,Amanda,Wright,awrightgm@msn.com,Female,51.120.35.209
600,Stephen,Murray,smurraygn@jalbum.net,Male,8.253.89.45
601,Keith,Dixon,kdixongo@npr.org,Male,248.92.154.227
602,Virginia,Diaz,vdiazgp@myspace.com,Female,3.223.177.31
603,Stephanie,Hart,shartgq@nps.gov,Female,197.173.199.16
604,Carlos,Bryant,cbryantgr@smugmug.com,Male,9.123.191.183
605,Willie,Mendoza,wmendozags@wp.com,Male,238.224.62.47
606,Jerry,Wheeler,jwheelergt@google.co.uk,Male,100.241.31.158
607,Thomas,Sanchez,tsanchezgu@purevolume.com,Male,133.19.45.49
608,Nicholas,Burns,nburnsgv@bloglovin.com,Male,120.138.29.28
609,Barbara,Parker,bparkergw@slideshare.net,Female,99.61.62.254
610,Charles,Marshall,cmarshallgx@tripadvisor.com,Male,209.150.75.3
611,Bruce,Chapman,bchapmangy@cloudflare.com,Male,206.42.170.144
612,Emily,Morrison,emorrisongz@blog.com,Female,87.202.137.17
613,Lillian,Baker,lbakerh0@oaic.gov.au,Female,198.10.226.149
614,Marie,Alvarez,malvarezh1@mail.ru,Female,30.77.81.25
615,Christine,Wagner,cwagnerh2@slideshare.net,Female,0.235.202.178
616,Robert,Carr,rcarrh3@harvard.edu,Male,138.59.108.231
617,Theresa,Kim,tkimh4@whitehouse.gov,Female,100.81.75.227
618,Aaron,Rivera,ariverah5@com.com,Male,130.193.13.20
619,Charles,Porter,cporterh6@nature.com,Male,63.221.149.121
620,Wayne,Chavez,wchavezh7@smugmug.com,Male,239.79.20.74
621,Earl,Peters,epetersh8@miibeian.gov.cn,Male,172.67.4.17
622,Kathy,Mendoza,kmendozah9@discuz.net,Female,199.14.135.97
623,Joan,Davis,jdavisha@psu.edu,Female,26.92.145.13
624,Gloria,Foster,gfosterhb@1und1.de,Female,226.39.134.162
625,Sharon,Meyer,smeyerhc@shutterfly.com,Female,171.165.210.149
626,Carl,Reynolds,creynoldshd@google.co.uk,Male,63.36.72.222
627,Bobby,Kim,bkimhe@dropbox.com,Male,146.240.183.98
628,Jesse,Webb,jwebbhf@uiuc.edu,Male,148.222.138.10
629,Susan,Clark,sclarkhg@hexun.com,Female,232.181.111.68
630,Scott,James,sjameshh@elegantthemes.com,Male,33.42.134.69
631,Kathleen,Stewart,kstewarthi@geocities.jp,Female,101.162.143.230
632,Joyce,Walker,jwalkerhj@unc.edu,Female,134.129.39.226
633,Paula,Little,plittlehk@mysql.com,Female,161.200.245.135
634,Mary,Sanchez,msanchezhl@npr.org,Female,178.5.223.92
635,Phyllis,Reid,preidhm@bandcamp.com,Female,126.57.168.71
636,Karen,Hayes,khayeshn@sciencedirect.com,Female,137.83.20.7
637,Barbara,Cunningham,bcunninghamho@ca.gov,Female,168.152.215.172
638,Julia,Bryant,jbryanthp@twitter.com,Female,39.187.80.58
639,Sara,Freeman,sfreemanhq@over-blog.com,Female,228.198.117.198
640,Rebecca,Dean,rdeanhr@canalblog.com,Female,171.20.100.104
641,Shawn,Ellis,sellishs@psu.edu,Male,116.242.241.72
642,Anthony,Ellis,aellisht@berkeley.edu,Male,156.23.118.180
643,Rose,Stone,rstonehu@sohu.com,Female,19.102.9.206
644,Anthony,Stevens,astevenshv@yandex.ru,Male,4.46.84.91
645,Ernest,Gray,egrayhw@blogtalkradio.com,Male,107.86.15.100
646,Phyllis,Wood,pwoodhx@bizjournals.com,Female,60.187.116.55
647,Kathleen,Fowler,kfowlerhy@feedburner.com,Female,109.190.89.174
648,Eric,Ray,erayhz@networksolutions.com,Male,241.163.64.43
649,Judith,Reed,jreedi0@homestead.com,Female,10.252.35.202
650,Norma,Chapman,nchapmani1@hud.gov,Female,135.16.92.20
651,Terry,Kennedy,tkennedyi2@devhub.com,Male,224.135.241.43
652,Timothy,Hanson,thansoni3@forbes.com,Male,82.244.168.240
653,Wanda,Rice,wricei4@sina.com.cn,Female,47.237.70.153
654,Earl,Phillips,ephillipsi5@wiley.com,Male,237.175.129.26
655,Dennis,Lane,dlanei6@census.gov,Male,49.134.51.80
656,Richard,Butler,rbutleri7@unicef.org,Male,29.237.216.38
657,Ann,Richards,arichardsi8@cisco.com,Female,13.126.1.113
658,Victor,Harper,vharperi9@mozilla.org,Male,243.9.69.201
659,Timothy,Wheeler,twheeleria@va.gov,Male,71.202.196.37
660,Emily,Daniels,edanielsib@dot.gov,Female,146.204.194.110
661,Nancy,Green,ngreenic@instagram.com,Female,109.217.70.63
662,Gloria,Turner,gturnerid@drupal.org,Female,218.13.88.142
663,Dennis,Diaz,ddiazie@jimdo.com,Male,141.158.78.209
664,Stephanie,Williams,swilliamsif@creativecommons.org,Female,82.17.39.101
665,Mildred,Hart,mhartig@forbes.com,Female,191.28.65.230
666,Samuel,Hawkins,shawkinsih@furl.net,Male,226.70.207.11
667,Wanda,Lee,wleeii@taobao.com,Female,178.113.31.61
668,Christopher,Hughes,chughesij@photobucket.com,Male,139.70.179.11
669,David,Williams,dwilliamsik@bizjournals.com,Male,101.94.14.66
670,Sharon,Ward,swardil@dropbox.com,Female,189.38.87.72
671,Stephanie,Lopez,slopezim@nih.gov,Female,63.195.58.199
672,Brandon,Watkins,bwatkinsin@cocolog-nifty.com,Male,155.229.92.118
673,Dorothy,Harvey,dharveyio@yahoo.com,Female,199.198.249.165
674,Wayne,Reyes,wreyesip@hhs.gov,Male,116.8.115.41
675,Amy,Henry,ahenryiq@tmall.com,Female,112.12.254.239
676,Fred,Johnston,fjohnstonir@china.com.cn,Male,133.28.146.114
677,Louis,Lawrence,llawrenceis@nydailynews.com,Male,251.56.175.184
678,Billy,Mills,bmillsit@washington.edu,Male,25.93.212.44
679,Ronald,Watson,rwatsoniu@twitpic.com,Male,2.113.250.0
680,Christine,Russell,crusselliv@slideshare.net,Female,9.148.93.115
681,Eugene,Kennedy,ekennedyiw@berkeley.edu,Male,169.102.240.45
682,Ernest,Price,epriceix@hubpages.com,Male,244.3.47.171
683,Martha,Stevens,mstevensiy@columbia.edu,Female,171.223.253.161
684,Emily,Sanders,esandersiz@t-online.de,Female,237.200.76.193
685,Louis,Hernandez,lhernandezj0@discuz.net,Male,253.185.69.38
686,Albert,Day,adayj1@prweb.com,Male,234.128.109.98
687,Samuel,Perez,sperezj2@lycos.com,Male,70.194.175.161
688,Joseph,Ruiz,jruizj3@ifeng.com,Male,11.123.215.40
689,Linda,Little,llittlej4@mozilla.com,Female,17.29.131.164
690,Christine,Alexander,calexanderj5@google.com.hk,Female,146.237.18.132
691,Barbara,Wallace,bwallacej6@fda.gov,Female,75.198.205.50
692,Fred,Stone,fstonej7@mozilla.org,Male,236.151.167.15
693,Denise,Oliver,doliverj8@geocities.com,Female,64.252.24.52
694,Jason,Stevens,jstevensj9@livejournal.com,Male,210.119.4.52
695,Scott,Wheeler,swheelerja@360.cn,Male,51.33.22.188
696,Donna,Stevens,dstevensjb@tripadvisor.com,Female,40.77.69.14
697,Benjamin,Jenkins,bjenkinsjc@cpanel.net,Male,137.94.234.97
698,Lori,Parker,lparkerjd@sohu.com,Female,204.11.135.27
699,Judy,Richards,jrichardsje@symantec.com,Female,1.112.209.138
700,Jerry,Alvarez,jalvarezjf@gnu.org,Male,55.107.46.152
701,Annie,Rice,aricejg@comsenz.com,Female,7.204.200.69
702,Dennis,Kim,dkimjh@delicious.com,Male,237.155.155.57
703,Laura,Crawford,lcrawfordji@drupal.org,Female,93.63.178.163
704,Russell,Ford,rfordjj@cnn.com,Male,158.105.173.110
705,Mark,Robertson,mrobertsonjk@furl.net,Male,118.42.186.3
706,Linda,Garrett,lgarrettjl@princeton.edu,Female,47.76.198.75
707,Christina,Sims,csimsjm@1688.com,Female,109.14.131.204
708,Nicholas,Price,npricejn@kickstarter.com,Male,204.194.187.60
709,Jane,Owens,jowensjo@goodreads.com,Female,205.67.235.39
710,Clarence,Knight,cknightjp@photobucket.com,Male,53.128.183.191
711,Justin,Johnson,jjohnsonjq@domainmarket.com,Male,105.42.53.112
712,Jacqueline,Simmons,jsimmonsjr@slate.com,Female,238.112.141.171
713,Irene,Jackson,ijacksonjs@marriott.com,Female,103.204.127.79
714,Julia,Campbell,jcampbelljt@bloglovin.com,Female,188.197.48.237
715,Carlos,Nguyen,cnguyenju@umich.edu,Male,22.134.117.22
716,John,Lopez,jlopezjv@answers.com,Male,79.183.61.215
717,Norma,Thomas,nthomasjw@bigcartel.com,Female,193.208.153.194
718,Phillip,Stephens,pstephensjx@addthis.com,Male,86.67.73.227
719,Steve,Coleman,scolemanjy@pbs.org,Male,44.97.101.229
720,Paula,Stanley,pstanleyjz@ox.ac.uk,Female,109.112.208.255
721,Kimberly,Day,kdayk0@state.gov,Female,139.39.24.107
722,Mark,Ryan,mryank1@miitbeian.gov.cn,Male,85.159.173.84
723,Willie,Burton,wburtonk2@storify.com,Male,128.22.108.57
724,Johnny,Hanson,jhansonk3@sitemeter.com,Male,169.61.149.139
725,Scott,Allen,sallenk4@intel.com,Male,14.248.158.129
726,Craig,Gutierrez,cgutierrezk5@mapy.cz,Male,186.131.50.233
727,Mary,Rice,mricek6@unc.edu,Female,12.134.97.147
728,Norma,West,nwestk7@usatoday.com,Female,71.209.202.105
729,Robert,Nelson,rnelsonk8@amazon.co.jp,Male,204.2.57.117
730,Gerald,Martin,gmartink9@archive.org,Male,210.218.125.188
731,Henry,Mendoza,hmendozaka@zdnet.com,Male,227.198.151.7
732,Harry,Sanders,hsanderskb@jalbum.net,Male,184.180.64.55
733,Ernest,Gomez,egomezkc@shareasale.com,Male,123.92.226.217
734,William,Miller,wmillerkd@qq.com,Male,103.241.255.121
735,Antonio,Mccoy,amccoyke@bbc.co.uk,Male,231.251.138.123
736,Brian,Stewart,bstewartkf@sciencedaily.com,Male,112.225.35.255
737,Judith,Crawford,jcrawfordkg@desdev.cn,Female,203.3.3.89
738,Bobby,Carr,bcarrkh@who.int,Male,242.178.122.32
739,Kathy,Dean,kdeanki@forbes.com,Female,253.23.149.168
740,Maria,Larson,mlarsonkj@icq.com,Female,243.188.136.142
741,Linda,Ruiz,lruizkk@phpbb.com,Female,245.65.98.185
742,Shirley,Rogers,srogerskl@purevolume.com,Female,66.63.157.212
743,Scott,Hall,shallkm@issuu.com,Male,150.24.251.197
744,James,Harrison,jharrisonkn@delicious.com,Male,52.10.210.167
745,Jason,Diaz,jdiazko@parallels.com,Male,214.162.9.220
746,Larry,Stone,lstonekp@webs.com,Male,143.142.50.167
747,Shawn,Jackson,sjacksonkq@xrea.com,Male,0.97.139.114
748,Stephanie,Cooper,scooperkr@cocolog-nifty.com,Female,3.91.27.61
749,Kevin,Jacobs,kjacobsks@pbs.org,Male,148.80.56.243
750,Emily,Reid,ereidkt@wired.com,Female,165.252.197.220
751,Lois,Ortiz,lortizku@opensource.org,Female,182.233.175.147
752,Mildred,Hernandez,mhernandezkv@prweb.com,Female,238.195.122.114
753,Jason,Kelley,jkelleykw@prnewswire.com,Male,171.78.109.4
754,Anna,Cruz,acruzkx@mac.com,Female,4.216.230.162
755,Judy,Gonzalez,jgonzalezky@tumblr.com,Female,176.92.5.243
756,Debra,Montgomery,dmontgomerykz@blogger.com,Female,144.187.185.4
757,Chris,Garrett,cgarrettl0@privacy.gov.au,Male,204.123.30.220
758,Elizabeth,Hernandez,ehernandezl1@dell.com,Female,41.160.139.65
759,Deborah,Simmons,dsimmonsl2@creativecommons.org,Female,129.77.203.112
760,Emily,West,ewestl3@scribd.com,Female,59.80.201.216
761,Larry,Castillo,lcastillol4@blog.com,Male,145.75.22.231
762,Elizabeth,Ryan,eryanl5@ihg.com,Female,242.13.28.252
763,Jerry,Hunter,jhunterl6@a8.net,Male,66.31.201.29
764,Ralph,Burns,rburnsl7@disqus.com,Male,131.27.62.115
765,Jessica,Kelley,jkelleyl8@usa.gov,Female,199.69.252.183
766,Jacqueline,Harvey,jharveyl9@twitter.com,Female,172.39.178.34
767,Scott,Dean,sdeanla@state.tx.us,Male,152.226.240.75
768,Harry,Garrett,hgarrettlb@utexas.edu,Male,248.21.34.139
769,Martin,Hart,mhartlc@cnbc.com,Male,1.31.20.164
770,Maria,Porter,mporterld@printfriendly.com,Female,159.37.193.114
771,Jean,Mitchell,jmitchellle@fda.gov,Female,129.135.158.178
772,Sharon,Gutierrez,sgutierrezlf@ftc.gov,Female,79.221.53.244
773,Harry,Russell,hrusselllg@issuu.com,Male,219.59.202.29
774,Joan,Thompson,jthompsonlh@csmonitor.com,Female,217.40.156.157
775,Amanda,Hanson,ahansonli@themeforest.net,Female,247.94.14.32
776,Kathy,Lawson,klawsonlj@reuters.com,Female,59.96.32.233
777,Alan,Dunn,adunnlk@marriott.com,Male,189.132.63.144
778,Kevin,Wells,kwellsll@instagram.com,Male,10.164.250.200
779,Randy,Andrews,randrewslm@foxnews.com,Male,232.205.21.253
780,Nicole,Cook,ncookln@squarespace.com,Female,100.186.155.48
781,Janice,Hughes,jhugheslo@ox.ac.uk,Female,56.25.91.82
782,Linda,Morris,lmorrislp@fema.gov,Female,98.50.141.235
783,Kelly,Wheeler,kwheelerlq@illinois.edu,Female,10.175.178.99
784,Lori,Nguyen,lnguyenlr@wunderground.com,Female,129.151.162.158
785,Nancy,Henderson,nhendersonls@cmu.edu,Female,251.210.41.190
786,Rachel,Myers,rmyerslt@over-blog.com,Female,47.72.186.228
787,Amanda,Turner,aturnerlu@usa.gov,Female,83.42.164.67
788,Craig,Lane,clanelv@mit.edu,Male,240.19.255.225
789,Paul,Marshall,pmarshalllw@mail.ru,Male,183.158.230.200
790,Diana,Moreno,dmorenolx@businessinsider.com,Female,221.15.154.128
791,Julia,Stevens,jstevensly@blogger.com,Female,169.53.208.13
792,Joseph,Bradley,jbradleylz@hao123.com,Male,249.53.223.52
793,Rachel,Cox,rcoxm0@wiley.com,Female,27.34.218.168
794,Wanda,Brooks,wbrooksm1@fotki.com,Female,133.209.93.222
795,Kathryn,Edwards,kedwardsm2@pbs.org,Female,210.63.189.251
796,Victor,Richards,vrichardsm3@wordpress.com,Male,51.88.33.209
797,Anne,Roberts,arobertsm4@freewebs.com,Female,36.3.253.247
798,Russell,Ruiz,rruizm5@behance.net,Male,96.178.207.84
799,Jason,Washington,jwashingtonm6@wp.com,Male,235.211.103.191
800,Doris,Reed,dreedm7@rambler.ru,Female,164.37.213.147
801,Lawrence,Torres,ltorresm8@omniture.com,Male,79.231.236.229
802,Donald,Baker,dbakerm9@scientificamerican.com,Male,31.244.168.57
803,Jeremy,Adams,jadamsma@washington.edu,Male,29.8.17.133
804,Jose,Chapman,jchapmanmb@amazon.co.jp,Male,191.46.127.235
805,Ruby,Arnold,rarnoldmc@un.org,Female,11.206.123.173
806,Betty,Patterson,bpattersonmd@bizjournals.com,Female,119.32.47.176
807,Walter,Gray,wgrayme@dyndns.org,Male,157.128.46.234
808,Steven,Rose,srosemf@163.com,Male,187.111.193.200
809,Bobby,Freeman,bfreemanmg@google.ru,Male,153.46.116.110
810,Judith,Romero,jromeromh@nature.com,Female,177.40.127.150
811,George,Sims,gsimsmi@nasa.gov,Male,220.116.59.13
812,Bobby,Harris,bharrismj@google.de,Male,82.100.80.58
813,Helen,Chavez,hchavezmk@cbslocal.com,Female,122.33.158.223
814,Harry,Long,hlongml@ehow.com,Male,53.40.116.93
815,Albert,Gonzalez,agonzalezmm@cmu.edu,Male,86.61.157.21
816,John,Sanders,jsandersmn@vistaprint.com,Male,219.84.50.141
817,Deborah,Ellis,dellismo@goodreads.com,Female,80.216.133.239
818,Nicole,Frazier,nfraziermp@g.co,Female,181.204.135.178
819,Scott,Banks,sbanksmq@globo.com,Male,203.194.73.179
820,Ryan,Ray,rraymr@histats.com,Male,117.81.107.23
821,Cynthia,Hughes,chughesms@msu.edu,Female,169.161.52.109
822,Helen,Alexander,halexandermt@youtube.com,Female,198.223.202.69
823,Ruth,Edwards,redwardsmu@vkontakte.ru,Female,234.99.190.3
824,Angela,Jackson,ajacksonmv@theglobeandmail.com,Female,248.33.185.183
825,Douglas,Cruz,dcruzmw@ihg.com,Male,18.223.218.243
826,Angela,Jenkins,ajenkinsmx@arizona.edu,Female,251.76.236.102
827,Jack,Ross,jrossmy@youtu.be,Male,173.203.236.23
828,Stephen,Ortiz,sortizmz@twitpic.com,Male,59.39.4.138
829,Jimmy,Riley,jrileyn0@flavors.me,Male,62.8.80.237
830,Johnny,Freeman,jfreemann1@usa.gov,Male,7.211.237.131
831,Robin,Bowman,rbowmann2@sitemeter.com,Female,239.250.228.88
832,Henry,Knight,hknightn3@indiegogo.com,Male,169.7.35.35
833,Roy,Holmes,rholmesn4@msn.com,Male,156.121.73.200
834,Timothy,Ryan,tryann5@chicagotribune.com,Male,37.234.35.142
835,Harry,Snyder,hsnydern6@arstechnica.com,Male,226.63.190.37
836,Larry,Day,ldayn7@fema.gov,Male,68.239.220.250
837,Marie,Jacobs,mjacobsn8@yellowpages.com,Female,161.226.246.143
838,Beverly,Riley,brileyn9@washingtonpost.com,Female,46.135.77.179
839,Jeffrey,Gardner,jgardnerna@kickstarter.com,Male,152.54.94.117
840,Kenneth,Harvey,kharveynb@google.fr,Male,54.124.7.151
841,Amanda,Castillo,acastillonc@histats.com,Female,176.111.36.183
842,Eugene,Bowman,ebowmannd@posterous.com,Male,105.58.9.203
843,Sean,Fisher,sfisherne@businessinsider.com,Male,174.206.248.225
844,Jean,Holmes,jholmesnf@freewebs.com,Female,79.55.37.239
845,Jack,Smith,jsmithng@linkedin.com,Male,236.209.195.154
846,Diana,Ford,dfordnh@cyberchimps.com,Female,32.88.73.50
847,Eric,Olson,eolsonni@mapquest.com,Male,24.9.43.90
848,Johnny,Fields,jfieldsnj@etsy.com,Male,57.173.24.90
849,Christina,Peterson,cpetersonnk@prlog.org,Female,89.72.130.90
850,Clarence,Chavez,cchaveznl@last.fm,Male,172.128.181.154
851,Robert,Jacobs,rjacobsnm@slideshare.net,Male,131.11.17.16
852,Heather,Bailey,hbaileynn@buzzfeed.com,Female,52.24.67.51
853,Anne,Morrison,amorrisonno@hp.com,Female,13.138.90.35
854,Janice,Shaw,jshawnp@google.de,Female,98.4.68.90
855,Jimmy,Lawson,jlawsonnq@about.com,Male,183.79.131.203
856,Bonnie,Carter,bcarternr@nymag.com,Female,193.170.161.143
857,Anthony,Wilson,awilsonns@ca.gov,Male,95.45.164.170
858,David,Lee,dleent@europa.eu,Male,210.66.82.253
859,Eugene,Willis,ewillisnu@businessweek.com,Male,108.108.241.142
860,Judith,Chavez,jchaveznv@paypal.com,Female,149.14.159.22
861,Shawn,Green,sgreennw@gmpg.org,Male,181.203.182.128
862,Benjamin,Day,bdaynx@nature.com,Male,1.224.106.25
863,Teresa,Morris,tmorrisny@wikispaces.com,Female,81.196.124.147
864,Lawrence,Nichols,lnicholsnz@jimdo.com,Male,186.216.113.61
865,Michael,Gardner,mgardnero0@reference.com,Male,139.41.119.232
866,Walter,Cox,wcoxo1@miibeian.gov.cn,Male,10.26.194.151
867,Sharon,Gutierrez,sgutierrezo2@patch.com,Female,87.219.130.78
868,Kimberly,George,kgeorgeo3@nps.gov,Female,228.64.121.115
869,Todd,Harvey,tharveyo4@buzzfeed.com,Male,188.154.239.220
870,Nicole,Johnson,njohnsono5@oaic.gov.au,Female,71.183.67.62
871,Gregory,Jones,gjoneso6@bloglovin.com,Male,191.249.131.156
872,Cheryl,Walker,cwalkero7@usa.gov,Female,84.23.246.242
873,Maria,Howell,mhowello8@google.com.br,Female,88.253.121.230
874,Ruth,Martinez,rmartinezo9@joomla.org,Female,5.160.93.25
875,Terry,Bennett,tbennettoa@miitbeian.gov.cn,Male,125.74.220.160
876,Philip,Powell,ppowellob@miibeian.gov.cn,Male,98.147.111.177
877,Martha,Ross,mrossoc@printfriendly.com,Female,61.87.99.17
878,Joseph,Greene,jgreeneod@wufoo.com,Male,39.185.186.15
879,Laura,Baker,lbakeroe@aol.com,Female,29.158.186.194
880,Nicole,Reid,nreidof@discuz.net,Female,225.107.169.93
881,Robin,Miller,rmillerog@pinterest.com,Female,79.60.77.167
882,Samuel,Cunningham,scunninghamoh@nsw.gov.au,Male,227.249.196.97
883,Joan,Arnold,jarnoldoi@php.net,Female,132.96.88.150
884,Linda,Webb,lwebboj@infoseek.co.jp,Female,221.223.58.224
885,Sarah,Wheeler,swheelerok@columbia.edu,Female,218.124.248.109
886,Billy,Fox,bfoxol@craigslist.org,Male,237.18.214.177
887,Jeremy,James,jjamesom@about.com,Male,159.53.123.117
888,Doris,Ramos,dramoson@edublogs.org,Female,199.148.146.100
889,Linda,Murphy,lmurphyoo@blog.com,Female,189.209.30.188
890,Linda,Mendoza,lmendozaop@hp.com,Female,242.119.54.175
891,Doris,Burke,dburkeoq@youtube.com,Female,128.17.29.250
892,Diana,Johnson,djohnsonor@huffingtonpost.com,Female,79.179.205.180
893,Annie,Schmidt,aschmidtos@discuz.net,Female,80.216.107.191
894,Phillip,Perry,pperryot@ask.com,Male,193.72.235.234
895,Jesse,Romero,jromeroou@skype.com,Male,187.161.51.240
896,Nancy,Nelson,nnelsonov@theatlantic.com,Female,58.58.19.64
897,Carolyn,Watkins,cwatkinsow@arstechnica.com,Female,64.21.179.116
898,Kathleen,Peters,kpetersox@hp.com,Female,84.48.93.46
899,Walter,Robinson,wrobinsonoy@comcast.net,Male,106.242.182.116
900,John,Spencer,jspenceroz@elpais.com,Male,195.34.94.20
901,Sarah,Hudson,shudsonp0@fotki.com,Female,139.179.37.25
902,Phyllis,Kennedy,pkennedyp1@gravatar.com,Female,111.44.32.124
903,Jonathan,Reed,jreedp2@addthis.com,Male,225.27.218.23
904,Judith,Armstrong,jarmstrongp3@mapy.cz,Female,165.198.241.144
905,Benjamin,Long,blongp4@who.int,Male,151.176.154.215
906,Sara,Hansen,shansenp5@bandcamp.com,Female,33.76.240.150
907,Scott,Berry,sberryp6@tmall.com,Male,251.0.187.158
908,Carol,Wells,cwellsp7@delicious.com,Female,193.81.138.86
909,Irene,Reyes,ireyesp8@sina.com.cn,Female,48.103.92.144
910,Janice,Hicks,jhicksp9@bloglovin.com,Female,48.109.218.11
911,Heather,Austin,haustinpa@state.gov,Female,74.38.59.210
912,Harry,Lee,hleepb@youku.com,Male,180.195.26.58
913,Theresa,Parker,tparkerpc@pcworld.com,Female,124.124.39.103
914,Lori,Franklin,lfranklinpd@washingtonpost.com,Female,16.165.62.187
915,Earl,Nelson,enelsonpe@upenn.edu,Male,153.253.92.19
916,Fred,Ward,fwardpf@prlog.org,Male,26.138.218.60
917,Patrick,Hanson,phansonpg@kickstarter.com,Male,49.71.85.181
918,Adam,Wagner,awagnerph@sitemeter.com,Male,186.239.173.10
919,Margaret,Reyes,mreyespi@example.com,Female,99.71.85.201
920,Linda,Riley,lrileypj@linkedin.com,Female,232.123.102.254
921,Diana,Wright,dwrightpk@sun.com,Female,18.247.92.198
922,Emily,Rodriguez,erodriguezpl@blinklist.com,Female,191.26.138.201
923,Janet,Medina,jmedinapm@scientificamerican.com,Female,39.76.4.132
924,Janet,Diaz,jdiazpn@xing.com,Female,69.150.137.97
925,Julia,Young,jyoungpo@cornell.edu,Female,54.128.18.122
926,Alice,Lee,aleepp@wordpress.com,Female,43.183.21.147
927,Jason,Richards,jrichardspq@un.org,Male,147.254.116.74
928,Ralph,Lopez,rlopezpr@wiley.com,Male,70.216.206.12
929,Robin,Parker,rparkerps@reuters.com,Female,15.206.55.141
930,Benjamin,Carr,bcarrpt@arizona.edu,Male,150.135.80.244
931,Jean,Wallace,jwallacepu@cmu.edu,Female,37.121.238.54
932,Alan,Arnold,aarnoldpv@wordpress.org,Male,228.194.147.139
933,Charles,Knight,cknightpw@etsy.com,Male,255.217.14.32
934,Catherine,Patterson,cpattersonpx@hao123.com,Female,191.149.50.3
935,Alan,Cook,acookpy@cam.ac.uk,Male,39.49.223.32
936,Mildred,Shaw,mshawpz@last.fm,Female,47.53.241.237
937,Lori,Fox,lfoxq0@phpbb.com,Female,142.205.229.99
938,Louise,Stanley,lstanleyq1@ed.gov,Female,195.251.43.110
939,Earl,Oliver,eoliverq2@archive.org,Male,158.101.83.126
940,Paula,Hayes,phayesq3@oakley.com,Female,55.99.127.81
941,Paul,Robertson,probertsonq4@amazon.de,Male,231.178.224.173
942,Anna,Ryan,aryanq5@bbc.co.uk,Female,218.68.46.98
943,Elizabeth,Evans,eevansq6@elpais.com,Female,49.247.198.172
944,Walter,Stevens,wstevensq7@parallels.com,Male,115.80.141.54
945,Antonio,Black,ablackq8@mysql.com,Male,45.118.26.53
946,Sandra,Torres,storresq9@usgs.gov,Female,71.39.242.48
947,Jack,Dixon,jdixonqa@example.com,Male,172.112.206.13
948,Donald,Richards,drichardsqb@godaddy.com,Male,214.7.244.48
949,Fred,Reid,freidqc@archive.org,Male,143.208.97.61
950,Julia,Hernandez,jhernandezqd@ameblo.jp,Female,204.14.112.18
951,Joan,Cunningham,jcunninghamqe@canalblog.com,Female,189.12.131.164
952,Mark,Marshall,mmarshallqf@admin.ch,Male,100.107.158.110
953,Nicole,Wallace,nwallaceqg@mayoclinic.com,Female,155.231.22.252
954,Phillip,Kelley,pkelleyqh@webeden.co.uk,Male,107.96.86.111
955,Justin,Harris,jharrisqi@unc.edu,Male,186.59.243.105
956,Teresa,Bell,tbellqj@feedburner.com,Female,181.183.147.146
957,Ronald,Welch,rwelchqk@oaic.gov.au,Male,8.67.5.36
958,Steve,Henderson,shendersonql@wordpress.org,Male,165.40.54.88
959,Jessica,Ryan,jryanqm@house.gov,Female,160.89.47.101
960,Patricia,Patterson,ppattersonqn@networkadvertising.org,Female,31.234.157.185
961,Laura,Alvarez,lalvarezqo@disqus.com,Female,38.212.138.15
962,Antonio,Tucker,atuckerqp@npr.org,Male,163.19.88.146
963,Amy,Carter,acarterqq@stumbleupon.com,Female,141.152.12.255
964,Janet,Hart,jhartqr@pinterest.com,Female,142.189.217.80
965,Janice,Long,jlongqs@reuters.com,Female,227.168.39.48
966,Clarence,Richardson,crichardsonqt@ustream.tv,Male,66.54.2.153
967,Peter,Lynch,plynchqu@vinaora.com,Male,91.116.118.209
968,Pamela,Turner,pturnerqv@naver.com,Female,233.223.18.99
969,Katherine,Wright,kwrightqw@toplist.cz,Female,253.89.153.102
970,Sarah,Lynch,slynchqx@ustream.tv,Female,108.85.36.6
971,Brenda,Wells,bwellsqy@tiny.cc,Female,66.9.141.204
972,Phillip,Williams,pwilliamsqz@ameblo.jp,Male,183.41.124.23
973,Andrew,Parker,aparkerr0@ask.com,Male,61.123.183.169
974,Janet,Bennett,jbennettr1@ask.com,Female,224.57.249.140
975,Margaret,Rose,mroser2@google.ru,Female,95.97.151.126
976,Johnny,James,jjamesr3@state.tx.us,Male,17.175.57.170
977,Gloria,Campbell,gcampbellr4@thetimes.co.uk,Female,87.249.234.30
978,Jonathan,Clark,jclarkr5@tripod.com,Male,196.141.217.141
979,Beverly,Sanchez,bsanchezr6@paginegialle.it,Female,127.22.182.169
980,Donald,Medina,dmedinar7@samsung.com,Male,35.72.139.210
981,Walter,Powell,wpowellr8@abc.net.au,Male,173.79.200.190
982,Sandra,Murray,smurrayr9@mtv.com,Female,24.116.128.52
983,Patrick,Diaz,pdiazra@shinystat.com,Male,91.141.126.110
984,Beverly,Scott,bscottrb@psu.edu,Female,185.234.148.138
985,Earl,Lawrence,elawrencerc@opera.com,Male,192.82.13.236
986,Craig,Simpson,csimpsonrd@moonfruit.com,Male,215.43.138.195
987,Julie,Harrison,jharrisonre@list-manage.com,Female,31.6.51.151
988,Kathryn,Stevens,kstevensrf@ucoz.ru,Female,146.161.200.229
989,Carol,Gutierrez,cgutierrezrg@vkontakte.ru,Female,10.74.224.98
990,Johnny,Torres,jtorresrh@xinhuanet.com,Male,223.93.24.158
991,John,Burns,jburnsri@sogou.com,Male,44.101.120.29
992,Samuel,Dean,sdeanrj@merriam-webster.com,Male,132.245.94.35
993,Harold,Lee,hleerk@blogs.com,Male,114.21.209.17
994,Karen,Cunningham,kcunninghamrl@irs.gov,Female,14.143.102.127
995,Jose,Peterson,jpetersonrm@is.gd,Male,226.9.152.111
996,Billy,Stewart,bstewartrn@phoca.cz,Male,112.161.203.85
997,Kimberly,Gonzales,kgonzalesro@columbia.edu,Female,85.84.183.2
998,Tammy,Elliott,telliottrp@aboutads.info,Female,232.168.90.88
999,Juan,Hamilton,jhamiltonrq@hubpages.com,Male,29.33.196.253
1000,Debra,Arnold,darnoldrr@amazon.co.jp,Female,36.36.58.197
