id,first_name,last_name,email,gender,ip_address
1,Carlos,Taylor,ctaylor0@php.net,Male,165.140.193.253
2,Keith,Owens,kowens1@vk.com,Male,102.95.70.125
3,Kevin,Williamson,kwilliamson2@about.me,Male,14.88.237.194
4,Carolyn,Brown,cbrown3@over-blog.com,Female,223.99.223.246
5,Diana,Sanchez,dsanchez4@gmpg.org,Female,104.128.160.176
6,Cynthia,Carpenter,ccarpenter5@theatlantic.com,Female,255.190.156.215
7,Ryan,Cook,rcook6@nps.gov,Male,86.210.187.124
8,Patricia,Spencer,pspencer7@domainmarket.com,Female,147.21.107.85
9,Kathryn,Clark,kclark8@reddit.com,Female,235.106.177.129
10,Beverly,Reynolds,breynolds9@amazonaws.com,Female,28.163.157.11
11,Terry,Lopez,tlopeza@imageshack.us,Male,142.176.17.222
12,Joan,Jenkins,jjenkinsb@guardian.co.uk,Female,235.106.21.107
13,Aaron,Tucker,atuckerc@skype.com,Male,38.249.151.18
14,Joan,Dunn,jdunnd@nymag.com,Female,111.76.58.27
15,Wayne,Scott,wscotte@unesco.org,Male,49.230.238.55
16,Kevin,Price,kpricef@friendfeed.com,Male,113.159.187.222
17,Andrew,Vasquez,avasquezg@dedecms.com,Male,169.12.91.131
18,Roy,Diaz,rdiazh@acquirethisname.com,Male,250.116.2.76
19,Margaret,Weaver,mweaveri@examiner.com,Female,84.93.208.6
20,Roy,Carroll,rcarrollj@ameblo.jp,Male,76.75.55.145
21,Lisa,Medina,lmedinak@wunderground.com,Female,210.105.96.112
22,Larry,Gonzalez,lgonzalezl@hc360.com,Male,73.131.173.202
23,Shawn,Reid,sreidm@chicagotribune.com,Male,109.218.193.178
24,Howard,Hart,hhartn@cnn.com,Male,124.141.57.87
25,Diana,Stewart,dstewarto@qq.com,Female,10.234.160.123
26,Barbara,Arnold,barnoldp@epa.gov,Female,232.80.238.166
27,Jeffrey,Ward,jwardq@opensource.org,Male,235.236.231.42
28,Tammy,Griffin,tgriffinr@booking.com,Female,238.97.144.189
29,Ralph,Burke,rburkes@walmart.com,Male,94.38.158.202
30,Jonathan,Bishop,jbishopt@boston.com,Male,176.81.70.149
31,Patrick,Montgomery,pmontgomeryu@google.com.au,Male,11.94.130.46
32,Catherine,Anderson,candersonv@barnesandnoble.com,Female,110.255.221.4
33,Cynthia,Allen,callenw@wikia.com,Female,220.113.48.65
34,Jonathan,Robinson,jrobinsonx@sohu.com,Male,249.18.150.91
35,Maria,Howard,mhowardy@wikia.com,Female,91.118.65.245
36,Joan,Baker,jbakerz@twitpic.com,Female,127.240.176.94
37,Gregory,Brown,gbrown10@pagesperso-orange.fr,Male,44.114.14.227
38,Theresa,Powell,tpowell11@engadget.com,Female,231.135.70.174
39,Melissa,Gilbert,mgilbert12@usda.gov,Female,219.44.225.151
40,Jose,Hill,jhill13@phpbb.com,Male,102.162.245.80
41,Amanda,Black,ablack14@xing.com,Female,0.220.46.64
42,Ashley,Hudson,ahudson15@altervista.org,Female,162.1.128.2
43,Paula,Bailey,pbailey16@ebay.co.uk,Female,91.236.126.176
44,Martha,Gray,mgray17@census.gov,Female,193.159.72.11
45,Keith,Wilson,kwilson18@cocolog-nifty.com,Male,80.71.238.104
46,Steve,Stevens,sstevens19@hibu.com,Male,168.210.148.202
47,Gary,Nguyen,gnguyen1a@bigcartel.com,Male,243.234.149.250
48,Theresa,Stevens,tstevens1b@ft.com,Female,255.64.59.68
49,Janice,Crawford,jcrawford1c@parallels.com,Female,86.54.221.44
50,Raymond,Knight,rknight1d@ted.com,Male,251.183.172.41
51,Fred,Howard,fhoward1e@topsy.com,Male,101.73.213.166
52,Jessica,Phillips,jphillips1f@freewebs.com,Female,62.44.214.242
53,Margaret,Freeman,mfreeman1g@gravatar.com,Female,166.181.130.11
54,David,Mitchell,dmitchell1h@goo.ne.jp,Male,241.222.75.21
55,Shawn,Wheeler,swheeler1i@istockphoto.com,Male,91.106.165.64
56,Wanda,Wells,wwells1j@123-reg.co.uk,Female,151.114.241.30
57,Jonathan,Henderson,jhenderson1k@networksolutions.com,Male,149.208.105.66
58,Jason,Hansen,jhansen1l@deliciousdays.com,Male,9.6.96.99
59,Diana,Long,dlong1m@blogspot.com,Female,94.219.90.31
60,Patricia,Fernandez,pfernandez1n@goodreads.com,Female,232.154.238.218
61,Gary,Mendoza,gmendoza1o@washingtonpost.com,Male,110.241.165.16
62,Dorothy,Simpson,dsimpson1p@quantcast.com,Female,13.100.100.20
63,Keith,Long,klong1q@noaa.gov,Male,60.107.177.13
64,Barbara,Powell,bpowell1r@mac.com,Female,215.193.59.150
65,Sean,Willis,swillis1s@goodreads.com,Male,45.86.45.195
66,Jason,Olson,jolson1t@com.com,Male,160.138.15.233
67,Louis,Cunningham,lcunningham1u@oaic.gov.au,Male,124.251.63.91
68,Sharon,Weaver,sweaver1v@omniture.com,Female,60.46.237.114
69,Lori,Snyder,lsnyder1w@vistaprint.com,Female,228.102.104.158
70,Sandra,Fisher,sfisher1x@oracle.com,Female,236.97.7.46
71,Tina,Taylor,ttaylor1y@fotki.com,Female,96.161.241.231
72,Jerry,Spencer,jspencer1z@go.com,Male,192.130.117.249
73,Lawrence,Jones,ljones20@ted.com,Male,4.155.240.169
74,Earl,Woods,ewoods21@altervista.org,Male,191.187.24.70
75,Melissa,Parker,mparker22@chicagotribune.com,Female,98.19.23.188
76,Theresa,Watson,twatson23@dion.ne.jp,Female,128.104.61.48
77,Denise,Marshall,dmarshall24@nba.com,Female,75.9.56.204
78,Larry,Austin,laustin25@elpais.com,Male,23.195.219.196
79,Jimmy,Fowler,jfowler26@wix.com,Male,125.24.21.71
80,Christopher,Freeman,cfreeman27@salon.com,Male,226.4.125.100
81,Terry,Washington,twashington28@wufoo.com,Male,119.70.129.93
82,Martin,Carroll,mcarroll29@webnode.com,Male,173.251.89.97
83,Howard,Gonzales,hgonzales2a@ocn.ne.jp,Male,173.50.46.41
84,Janet,Rogers,jrogers2b@dropbox.com,Female,159.229.248.234
85,David,Andrews,dandrews2c@privacy.gov.au,Male,205.68.25.81
86,Juan,Adams,jadams2d@cpanel.net,Male,96.2.105.35
87,Philip,Gilbert,pgilbert2e@cisco.com,Male,47.183.33.87
88,Christopher,Moreno,cmoreno2f@diigo.com,Male,75.183.21.150
89,Russell,Lynch,rlynch2g@wisc.edu,Male,119.247.212.239
90,Gloria,Hamilton,ghamilton2h@163.com,Female,148.144.56.22
91,Joan,Gomez,jgomez2i@slate.com,Female,210.40.111.179
92,Jessica,Powell,jpowell2j@cargocollective.com,Female,147.126.32.36
93,Craig,Brooks,cbrooks2k@newsvine.com,Male,78.43.88.94
94,Edward,Garza,egarza2l@elpais.com,Male,12.108.250.204
95,Judith,Gutierrez,jgutierrez2m@loc.gov,Female,120.0.51.149
96,Wanda,Campbell,wcampbell2n@jiathis.com,Female,217.93.214.249
97,Emily,Spencer,espencer2o@alexa.com,Female,237.216.169.255
98,Edward,Jenkins,ejenkins2p@marriott.com,Male,254.213.235.108
99,Joe,Phillips,jphillips2q@cloudflare.com,Male,242.95.78.211
100,Christina,Garcia,cgarcia2r@yandex.ru,Female,110.200.37.74
101,Ruth,Greene,rgreene2s@liveinternet.ru,Female,255.171.134.220
102,Eugene,Frazier,efrazier2t@taobao.com,Male,196.240.190.30
103,Annie,Perry,aperry2u@cocolog-nifty.com,Female,58.241.3.251
104,Steve,Hansen,shansen2v@theguardian.com,Male,166.251.150.180
105,Bruce,Gray,bgray2w@psu.edu,Male,224.71.65.113
106,Louise,Gonzales,lgonzales2x@china.com.cn,Female,7.55.235.20
107,Lori,Grant,lgrant2y@issuu.com,Female,146.121.80.43
108,Rose,Coleman,rcoleman2z@gnu.org,Female,43.234.255.73
109,Susan,Hawkins,shawkins30@shop-pro.jp,Female,33.28.100.234
110,Kenneth,King,kking31@delicious.com,Male,78.80.72.177
111,Alice,Kennedy,akennedy32@foxnews.com,Female,52.14.144.56
112,Teresa,Diaz,tdiaz33@edublogs.org,Female,189.75.167.117
113,Keith,Harris,kharris34@histats.com,Male,238.51.69.53
114,Jacqueline,Roberts,jroberts35@comsenz.com,Female,48.100.180.145
115,Amanda,Perry,aperry36@jimdo.com,Female,226.41.43.1
116,Nicholas,Austin,naustin37@dropbox.com,Male,100.74.32.203
117,Carl,Simpson,csimpson38@vimeo.com,Male,109.130.222.98
118,Roger,Ryan,rryan39@eventbrite.com,Male,179.57.65.70
119,Jerry,Harris,jharris3a@qq.com,Male,172.136.85.157
120,Benjamin,Long,blong3b@wix.com,Male,36.231.86.111
121,Carlos,Gray,cgray3c@timesonline.co.uk,Male,244.223.97.60
122,Teresa,Shaw,tshaw3d@hatena.ne.jp,Female,250.249.237.225
123,Ralph,Davis,rdavis3e@dropbox.com,Male,146.162.241.49
124,Jose,White,jwhite3f@cmu.edu,Male,127.117.73.2
125,Nancy,Wood,nwood3g@sitemeter.com,Female,118.28.27.229
126,Phillip,Morrison,pmorrison3h@linkedin.com,Male,175.137.94.232
127,Anna,Rodriguez,arodriguez3i@typepad.com,Female,140.81.169.215
128,Janice,Torres,jtorres3j@sun.com,Female,160.66.175.150
129,Joe,Ferguson,jferguson3k@webnode.com,Male,239.87.166.69
130,Donna,Brooks,dbrooks3l@ebay.com,Female,58.49.1.150
131,Paul,Griffin,pgriffin3m@bbb.org,Male,51.18.150.33
132,Martin,Morris,mmorris3n@unicef.org,Male,208.101.171.129
133,Terry,Fields,tfields3o@sitemeter.com,Male,20.7.99.23
134,Gerald,Carter,gcarter3p@i2i.jp,Male,208.187.136.118
135,Bobby,Reid,breid3q@constantcontact.com,Male,170.36.112.49
136,Andrew,Chapman,achapman3r@xinhuanet.com,Male,97.159.183.186
137,Frank,Peters,fpeters3s@ox.ac.uk,Male,46.185.26.246
138,Jeffrey,Day,jday3t@merriam-webster.com,Male,145.55.136.50
139,Julie,Garrett,jgarrett3u@salon.com,Female,29.111.27.35
140,Mildred,Rose,mrose3v@opensource.org,Female,103.185.100.78
141,Sara,Jordan,sjordan3w@sogou.com,Female,83.65.235.142
142,Anthony,Parker,aparker3x@rakuten.co.jp,Male,241.190.43.24
143,Jimmy,James,jjames3y@mapquest.com,Male,188.149.200.56
144,Amy,Bowman,abowman3z@youtube.com,Female,105.197.64.226
145,Jane,Torres,jtorres40@reuters.com,Female,132.216.67.146
146,Julia,Henderson,jhenderson41@omniture.com,Female,18.36.125.25
147,Kathleen,Fernandez,kfernandez42@shop-pro.jp,Female,40.44.178.156
148,Howard,Carr,hcarr43@a8.net,Male,105.122.9.203
149,Louis,Stevens,lstevens44@theguardian.com,Male,152.30.61.44
150,Roy,Oliver,roliver45@mapy.cz,Male,121.143.92.54
151,Daniel,Robertson,drobertson46@europa.eu,Male,77.21.59.6
152,Michael,Marshall,mmarshall47@bbb.org,Male,87.225.193.187
153,Kimberly,Myers,kmyers48@trellian.com,Female,137.107.98.14
154,Jeremy,Martinez,jmartinez49@4shared.com,Male,232.68.160.157
155,Carlos,Hill,chill4a@cyberchimps.com,Male,243.77.0.228
156,Annie,Ramos,aramos4b@spotify.com,Female,233.52.40.5
157,Stephanie,Stanley,sstanley4c@squarespace.com,Female,163.213.235.116
158,Janice,Peters,jpeters4d@51.la,Female,179.207.250.127
159,Carlos,Crawford,ccrawford4e@arstechnica.com,Male,80.148.16.140
160,Thomas,Peterson,tpeterson4f@yahoo.com,Male,142.125.11.94
161,Juan,Diaz,jdiaz4g@go.com,Male,33.67.6.144
162,Steve,Marshall,smarshall4h@360.cn,Male,75.170.115.146
163,Ernest,Payne,epayne4i@globo.com,Male,232.208.149.104
164,Amanda,Day,aday4j@bloglines.com,Female,238.170.144.196
165,Frank,Bishop,fbishop4k@hao123.com,Male,181.69.82.212
166,Frank,Murray,fmurray4l@cnbc.com,Male,54.254.13.141
167,Jean,Hanson,jhanson4m@hao123.com,Female,79.103.47.255
168,Irene,Payne,ipayne4n@admin.ch,Female,181.127.75.195
169,Henry,Garrett,hgarrett4o@boston.com,Male,58.139.244.171
170,Michael,Collins,mcollins4p@diigo.com,Male,181.83.255.29
171,Lillian,Thomas,lthomas4q@xrea.com,Female,73.108.167.7
172,George,Hanson,ghanson4r@dmoz.org,Male,66.9.211.100
173,Harry,Harris,hharris4s@wikia.com,Male,180.225.170.250
174,Heather,Holmes,hholmes4t@oaic.gov.au,Female,174.93.5.246
175,Lori,Torres,ltorres4u@technorati.com,Female,72.253.38.20
176,Nancy,Dixon,ndixon4v@eventbrite.com,Female,165.205.80.244
177,Willie,Wright,wwright4w@hp.com,Male,111.253.140.118
178,Frances,Fernandez,ffernandez4x@ocn.ne.jp,Female,239.19.141.53
179,Teresa,Pierce,tpierce4y@usda.gov,Female,103.164.66.113
180,Kelly,Freeman,kfreeman4z@java.com,Female,221.123.92.150
181,Stephen,Reyes,sreyes50@scribd.com,Male,240.67.4.44
182,Rose,Washington,rwashington51@prweb.com,Female,180.28.18.93
183,Phillip,Howard,phoward52@cafepress.com,Male,102.109.75.206
184,Ashley,Martin,amartin53@opensource.org,Female,128.72.52.66
185,Anne,Gray,agray54@mayoclinic.com,Female,12.215.190.240
186,Martha,Pierce,mpierce55@yale.edu,Female,12.110.110.209
187,Ann,Lawson,alawson56@ibm.com,Female,152.124.194.207
188,Dorothy,Robertson,drobertson57@wunderground.com,Female,67.203.39.84
189,Todd,Kim,tkim58@bing.com,Male,253.162.1.161
190,Lois,Gardner,lgardner59@ustream.tv,Female,126.95.207.85
191,Steve,Hunter,shunter5a@tuttocitta.it,Male,104.79.147.14
192,Frank,Henderson,fhenderson5b@dmoz.org,Male,113.144.3.54
193,Sharon,Washington,swashington5c@dailymail.co.uk,Female,141.77.89.211
194,Joyce,Moore,jmoore5d@latimes.com,Female,64.138.170.78
195,Terry,Gordon,tgordon5e@china.com.cn,Male,199.50.74.42
196,Joe,Gordon,jgordon5f@who.int,Male,12.79.179.140
197,Kenneth,Sims,ksims5g@hatena.ne.jp,Male,91.49.144.43
198,Ryan,Duncan,rduncan5h@infoseek.co.jp,Male,208.226.113.43
199,Carl,Ryan,cryan5i@usa.gov,Male,111.44.97.255
200,Andrea,Moore,amoore5j@biblegateway.com,Female,122.163.111.132
201,Betty,Clark,bclark5k@elegantthemes.com,Female,248.155.107.122
202,Judy,Wallace,jwallace5l@mapquest.com,Female,106.65.178.238
203,Shawn,Frazier,sfrazier5m@live.com,Male,174.64.212.131
204,Donald,Perry,dperry5n@cmu.edu,Male,50.175.105.149
205,Terry,Thomas,tthomas5o@ning.com,Male,226.54.150.41
206,Annie,Garrett,agarrett5p@umn.edu,Female,150.196.254.100
207,Diana,Garcia,dgarcia5q@umich.edu,Female,144.48.68.0
208,Willie,White,wwhite5r@twitpic.com,Male,230.242.162.129
209,Jessica,Elliott,jelliott5s@addthis.com,Female,162.174.63.20
210,Sandra,Cox,scox5t@nationalgeographic.com,Female,191.226.205.239
211,Steven,Matthews,smatthews5u@mayoclinic.com,Male,245.121.5.85
212,Kenneth,Hayes,khayes5v@psu.edu,Male,125.194.37.192
213,Kenneth,Nguyen,knguyen5w@dell.com,Male,45.29.127.118
214,Charles,West,cwest5x@uol.com.br,Male,27.241.88.27
215,Catherine,Ruiz,cruiz5y@census.gov,Female,55.183.222.150
216,Carlos,Weaver,cweaver5z@mail.ru,Male,122.141.117.241
217,Angela,Parker,aparker60@uiuc.edu,Female,101.194.54.145
218,Bruce,Harris,bharris61@spotify.com,Male,174.203.158.250
219,Kathy,Simpson,ksimpson62@ezinearticles.com,Female,138.78.205.238
220,Mary,Sims,msims63@telegraph.co.uk,Female,162.255.110.200
221,Justin,Bowman,jbowman64@toplist.cz,Male,221.248.227.211
222,James,Garza,jgarza65@alexa.com,Male,64.148.72.181
223,Andrea,Thomas,athomas66@twitter.com,Female,39.26.137.113
224,Anthony,Harrison,aharrison67@baidu.com,Male,187.236.192.62
225,Deborah,Willis,dwillis68@storify.com,Female,129.143.35.5
226,Jacqueline,Roberts,jroberts69@goo.gl,Female,249.204.55.111
227,Lisa,Gonzalez,lgonzalez6a@squidoo.com,Female,202.184.144.40
228,Philip,Wallace,pwallace6b@homestead.com,Male,21.89.133.74
229,Louis,Ross,lross6c@cornell.edu,Male,214.226.141.53
230,Eric,Andrews,eandrews6d@cbc.ca,Male,168.154.170.180
231,Richard,Burke,rburke6e@sohu.com,Male,106.188.225.214
232,David,Reid,dreid6f@360.cn,Male,119.97.184.77
233,Dorothy,Williamson,dwilliamson6g@marketwatch.com,Female,21.197.24.4
234,Phyllis,Schmidt,pschmidt6h@tumblr.com,Female,164.129.126.18
235,Jane,Day,jday6i@google.ru,Female,95.22.16.185
236,Brian,White,bwhite6j@wix.com,Male,41.225.151.46
237,Mark,Powell,mpowell6k@upenn.edu,Male,217.241.33.170
238,Stephen,Washington,swashington6l@posterous.com,Male,29.168.194.127
239,Bruce,Wallace,bwallace6m@examiner.com,Male,252.229.35.148
240,Kathleen,Frazier,kfrazier6n@cnet.com,Female,253.178.194.116
241,Roger,Burke,rburke6o@economist.com,Male,235.158.103.9
242,Edward,Nichols,enichols6p@github.com,Male,217.152.109.29
243,Doris,Wood,dwood6q@reddit.com,Female,194.217.90.243
244,Denise,Reyes,dreyes6r@ihg.com,Female,169.131.238.93
245,Norma,Wagner,nwagner6s@admin.ch,Female,80.38.206.170
246,Joseph,Moreno,jmoreno6t@princeton.edu,Male,114.84.157.56
247,Jason,James,jjames6u@loc.gov,Male,210.143.238.243
248,Melissa,Hunt,mhunt6v@arizona.edu,Female,176.117.84.159
249,Louise,Carroll,lcarroll6w@naver.com,Female,154.70.8.252
250,Carlos,Knight,cknight6x@bbc.co.uk,Male,204.231.154.129
251,Janet,Elliott,jelliott6y@friendfeed.com,Female,130.49.9.231
252,Gary,Brooks,gbrooks6z@psu.edu,Male,67.67.57.46
253,Andrew,Gomez,agomez70@icq.com,Male,155.172.138.175
254,Jerry,Wallace,jwallace71@privacy.gov.au,Male,98.17.233.119
255,Louise,Henry,lhenry72@twitpic.com,Female,54.194.201.143
256,Katherine,Reed,kreed73@php.net,Female,104.240.189.150
257,Jeremy,Ortiz,jortiz74@hatena.ne.jp,Male,82.100.53.237
258,Jose,Day,jday75@is.gd,Male,139.113.238.156
259,Eric,Ward,eward76@dropbox.com,Male,40.78.2.104
260,Anthony,Kim,akim77@tripod.com,Male,247.224.200.78
261,Deborah,Palmer,dpalmer78@auda.org.au,Female,29.196.203.117
262,Heather,Ramirez,hramirez79@surveymonkey.com,Female,89.172.194.93
263,Mark,Alvarez,malvarez7a@cnbc.com,Male,254.60.234.112
264,Eugene,Pierce,epierce7b@shinystat.com,Male,223.77.52.178
265,Martin,Roberts,mroberts7c@usgs.gov,Male,92.16.141.142
266,Adam,Richards,arichards7d@blog.com,Male,58.103.71.203
267,Evelyn,Burke,eburke7e@mashable.com,Female,220.1.240.114
268,David,Ruiz,druiz7f@w3.org,Male,136.236.228.59
269,Kenneth,Ruiz,kruiz7g@nyu.edu,Male,133.46.87.171
270,Helen,Jacobs,hjacobs7h@uiuc.edu,Female,26.50.69.229
271,Jessica,Fernandez,jfernandez7i@usgs.gov,Female,91.10.198.85
272,Justin,Simmons,jsimmons7j@tiny.cc,Male,191.154.83.77
273,Jean,Edwards,jedwards7k@godaddy.com,Female,27.212.101.110
274,Cheryl,Stanley,cstanley7l@chicagotribune.com,Female,137.206.228.254
275,Anthony,Knight,aknight7m@indiatimes.com,Male,39.242.168.202
276,Louise,Rogers,lrogers7n@homestead.com,Female,60.115.143.94
277,Jean,Griffin,jgriffin7o@seesaa.net,Female,225.149.112.247
278,Eugene,Banks,ebanks7p@tuttocitta.it,Male,62.53.110.135
279,Billy,Webb,bwebb7q@mozilla.com,Male,142.101.220.230
280,Judy,Mason,jmason7r@hugedomains.com,Female,226.36.103.103
281,Tina,Reynolds,treynolds7s@exblog.jp,Female,103.32.183.127
282,Amanda,Hicks,ahicks7t@spotify.com,Female,235.114.200.209
283,Tammy,Davis,tdavis7u@xrea.com,Female,172.190.83.192
284,Terry,Nelson,tnelson7v@blogtalkradio.com,Male,84.149.172.197
285,Rebecca,Willis,rwillis7w@wufoo.com,Female,224.226.11.18
286,Louise,Montgomery,lmontgomery7x@redcross.org,Female,106.131.14.55
287,Judy,Hart,jhart7y@craigslist.org,Female,38.211.202.193
288,Anthony,Porter,aporter7z@tinypic.com,Male,82.0.232.126
289,Diane,Chapman,dchapman80@oakley.com,Female,87.158.200.49
290,Virginia,Rogers,vrogers81@dmoz.org,Female,248.75.102.203
291,Diana,Lawson,dlawson82@ucsd.edu,Female,165.222.156.199
292,Kathy,Elliott,kelliott83@globo.com,Female,174.85.4.161
293,Denise,Duncan,dduncan84@liveinternet.ru,Female,119.179.10.74
294,Jack,Larson,jlarson85@naver.com,Male,197.94.42.51
295,Susan,Johnston,sjohnston86@slashdot.org,Female,202.226.55.53
296,Louis,Dixon,ldixon87@dion.ne.jp,Male,11.185.87.212
297,Gregory,Hudson,ghudson88@wikispaces.com,Male,186.255.12.219
298,Jose,Sanchez,jsanchez89@squidoo.com,Male,91.153.25.121
299,Samuel,Nichols,snichols8a@blogtalkradio.com,Male,141.41.163.65
300,Carlos,Diaz,cdiaz8b@go.com,Male,173.243.229.156
301,Sean,Hudson,shudson8c@taobao.com,Male,219.145.85.143
302,Jerry,Ford,jford8d@va.gov,Male,26.227.72.3
303,Todd,Kennedy,tkennedy8e@smh.com.au,Male,130.15.91.110
304,Philip,Fowler,pfowler8f@squarespace.com,Male,109.199.86.212
305,Doris,Kelley,dkelley8g@indiatimes.com,Female,167.224.78.56
306,Joe,Howell,jhowell8h@theglobeandmail.com,Male,192.74.205.228
307,Adam,Dean,adean8i@unblog.fr,Male,150.129.130.98
308,Phyllis,Schmidt,pschmidt8j@issuu.com,Female,33.96.61.200
309,Lisa,Bradley,lbradley8k@sakura.ne.jp,Female,37.67.7.34
310,Lillian,Garcia,lgarcia8l@eepurl.com,Female,82.204.238.122
311,Evelyn,Hughes,ehughes8m@usda.gov,Female,21.27.112.66
312,Steven,Stephens,sstephens8n@cafepress.com,Male,35.161.182.93
313,Margaret,Rice,mrice8o@altervista.org,Female,104.43.145.44
314,Gary,Hansen,ghansen8p@intel.com,Male,141.214.59.122
315,Catherine,Clark,cclark8q@wunderground.com,Female,102.255.29.246
316,Kimberly,Johnston,kjohnston8r@nytimes.com,Female,243.132.48.92
317,Sandra,Graham,sgraham8s@toplist.cz,Female,90.106.52.212
318,Jack,Ramirez,jramirez8t@usa.gov,Male,66.161.201.73
319,Joshua,Peterson,jpeterson8u@ocn.ne.jp,Male,193.203.97.148
320,Paul,Harris,pharris8v@issuu.com,Male,207.122.133.136
321,Dorothy,Kennedy,dkennedy8w@ebay.com,Female,1.222.172.83
322,Mary,Rice,mrice8x@creativecommons.org,Female,166.219.61.97
323,Todd,Wilson,twilson8y@ebay.com,Male,133.133.193.121
324,Lisa,West,lwest8z@imgur.com,Female,223.13.180.198
325,Laura,Simpson,lsimpson90@macromedia.com,Female,78.77.242.29
326,Patricia,Robertson,probertson91@about.me,Female,229.68.163.175
327,Jonathan,Meyer,jmeyer92@icq.com,Male,60.136.150.165
328,Angela,Crawford,acrawford93@nhs.uk,Female,178.236.1.86
329,Barbara,Davis,bdavis94@senate.gov,Female,17.46.147.244
330,Craig,Hart,chart95@bloglines.com,Male,76.160.202.168
331,Lori,Morris,lmorris96@bloomberg.com,Female,19.190.19.125
332,Johnny,Baker,jbaker97@ftc.gov,Male,171.113.149.34
333,Judith,Franklin,jfranklin98@jugem.jp,Female,192.215.71.206
334,Anthony,Allen,aallen99@squarespace.com,Male,161.173.157.195
335,Jason,Cooper,jcooper9a@gnu.org,Male,124.179.127.210
336,Jennifer,Anderson,janderson9b@berkeley.edu,Female,215.153.175.205
337,Nicholas,Miller,nmiller9c@cnbc.com,Male,109.164.15.208
338,Benjamin,Barnes,bbarnes9d@psu.edu,Male,129.68.229.159
339,Jacqueline,Jenkins,jjenkins9e@netlog.com,Female,128.71.107.56
340,Teresa,Bradley,tbradley9f@bloglovin.com,Female,194.177.243.239
341,Andrea,Price,aprice9g@amazon.co.uk,Female,72.167.185.243
342,Cheryl,Patterson,cpatterson9h@hibu.com,Female,49.87.225.171
343,Ryan,Hill,rhill9i@wp.com,Male,12.3.143.175
344,Ashley,Perez,aperez9j@clickbank.net,Female,100.84.29.99
345,Melissa,Sanders,msanders9k@symantec.com,Female,255.9.110.26
346,Terry,Meyer,tmeyer9l@ifeng.com,Male,47.156.184.141
347,Debra,Chavez,dchavez9m@indiatimes.com,Female,218.226.7.11
348,Gloria,Riley,griley9n@shareasale.com,Female,214.73.155.74
349,Willie,Montgomery,wmontgomery9o@gov.uk,Male,47.176.158.222
350,Julie,Wood,jwood9p@gmpg.org,Female,55.75.178.27
351,Tina,Bowman,tbowman9q@mapy.cz,Female,183.113.154.15
352,Elizabeth,Palmer,epalmer9r@cdbaby.com,Female,161.146.238.31
353,Harry,Hernandez,hhernandez9s@nydailynews.com,Male,46.179.52.199
354,Louise,Jacobs,ljacobs9t@about.me,Female,89.27.226.50
355,Deborah,Reynolds,dreynolds9u@reuters.com,Female,152.18.140.188
356,Sean,Perez,sperez9v@wired.com,Male,201.18.6.229
357,Jessica,Ryan,jryan9w@reuters.com,Female,34.149.31.45
358,Louis,Patterson,lpatterson9x@simplemachines.org,Male,160.144.124.62
359,Sharon,Patterson,spatterson9y@seesaa.net,Female,3.164.62.147
360,Richard,Daniels,rdaniels9z@google.co.jp,Male,211.137.11.31
361,Andrea,Rodriguez,arodrigueza0@latimes.com,Female,16.43.187.4
362,Jane,Vasquez,jvasqueza1@auda.org.au,Female,209.79.80.106
363,Dorothy,Coleman,dcolemana2@a8.net,Female,214.213.133.52
364,Gerald,Harvey,gharveya3@geocities.jp,Male,117.75.55.138
365,Kathleen,Perkins,kperkinsa4@facebook.com,Female,100.1.97.12
366,Alan,Frazier,afraziera5@miitbeian.gov.cn,Male,206.33.224.206
367,Lori,Rodriguez,lrodrigueza6@biglobe.ne.jp,Female,46.55.158.221
368,Mark,Watson,mwatsona7@barnesandnoble.com,Male,242.13.217.243
369,Russell,Freeman,rfreemana8@unblog.fr,Male,180.171.19.88
370,Joyce,Woods,jwoodsa9@un.org,Female,72.122.203.140
371,Jonathan,Howell,jhowellaa@marketwatch.com,Male,161.16.107.174
372,Larry,Cooper,lcooperab@howstuffworks.com,Male,84.130.23.209
373,Carolyn,Dixon,cdixonac@trellian.com,Female,137.57.204.166
374,Justin,Simmons,jsimmonsad@disqus.com,Male,106.73.32.12
375,Debra,Larson,dlarsonae@nhs.uk,Female,85.189.65.109
376,Eric,Rogers,erogersaf@bravesites.com,Male,96.83.80.144
377,Raymond,Murphy,rmurphyag@comsenz.com,Male,139.68.56.143
378,Donna,Russell,drussellah@pagesperso-orange.fr,Female,40.41.6.22
379,Jeffrey,West,jwestai@cloudflare.com,Male,119.215.25.149
380,Jean,Freeman,jfreemanaj@diigo.com,Female,104.197.42.130
381,Debra,Simpson,dsimpsonak@ask.com,Female,79.170.235.56
382,Janice,Stone,jstoneal@tinypic.com,Female,206.229.37.24
383,Martin,Williams,mwilliamsam@themeforest.net,Male,179.62.82.32
384,Sean,Cruz,scruzan@amazon.co.uk,Male,61.11.87.226
385,Carolyn,Bradley,cbradleyao@vkontakte.ru,Female,221.236.126.11
386,Kevin,Willis,kwillisap@answers.com,Male,234.72.75.193
387,Lawrence,Moreno,lmorenoaq@mapy.cz,Male,221.148.241.50
388,Phyllis,Henderson,phendersonar@java.com,Female,90.134.57.12
389,Lori,Stephens,lstephensas@cnet.com,Female,62.218.245.109
390,Beverly,Knight,bknightat@washingtonpost.com,Female,200.191.144.209
391,Ronald,Carter,rcarterau@cbslocal.com,Male,227.159.241.194
392,Bruce,Austin,baustinav@va.gov,Male,129.218.50.235
393,Ruth,Cox,rcoxaw@discovery.com,Female,182.39.46.76
394,Kevin,Bradley,kbradleyax@indiatimes.com,Male,143.116.63.109
395,David,Powell,dpowellay@cloudflare.com,Male,156.153.187.57
396,Jimmy,Nichols,jnicholsaz@nbcnews.com,Male,52.116.36.184
397,Thomas,Harrison,tharrisonb0@gizmodo.com,Male,129.206.57.207
398,Chris,Diaz,cdiazb1@businessweek.com,Male,17.136.89.3
399,Brian,Brown,bbrownb2@nymag.com,Male,121.78.187.35
400,Christopher,Fernandez,cfernandezb3@umn.edu,Male,38.64.196.84
401,Thomas,Olson,tolsonb4@tumblr.com,Male,220.235.45.21
402,Evelyn,Peters,epetersb5@slashdot.org,Female,192.66.213.248
403,Marie,Roberts,mrobertsb6@wiley.com,Female,150.238.100.231
404,Catherine,Hart,chartb7@wikispaces.com,Female,188.111.78.141
405,Annie,Freeman,afreemanb8@icio.us,Female,135.34.237.196
406,Arthur,Hart,ahartb9@freewebs.com,Male,52.28.36.39
407,Kevin,Bailey,kbaileyba@w3.org,Male,23.93.41.18
408,Fred,Crawford,fcrawfordbb@instagram.com,Male,113.43.14.138
409,Billy,Sims,bsimsbc@bizjournals.com,Male,208.18.16.126
410,Janice,Coleman,jcolemanbd@yolasite.com,Female,223.3.86.12
411,Andrew,Baker,abakerbe@quantcast.com,Male,203.200.26.47
412,Robert,Ellis,rellisbf@people.com.cn,Male,128.110.247.65
413,Gary,Carroll,gcarrollbg@google.com.au,Male,217.77.131.70
414,Bobby,Sims,bsimsbh@i2i.jp,Male,207.124.126.152
415,Joyce,Simpson,jsimpsonbi@examiner.com,Female,157.207.177.157
416,Angela,Evans,aevansbj@howstuffworks.com,Female,155.217.43.165
417,Wanda,Lee,wleebk@hao123.com,Female,248.93.243.115
418,Catherine,Stone,cstonebl@archive.org,Female,79.169.197.239
419,Robert,Williamson,rwilliamsonbm@dailymail.co.uk,Male,105.205.21.2
420,Lois,Harvey,lharveybn@chronoengine.com,Female,16.82.80.3
421,Todd,Little,tlittlebo@bravesites.com,Male,243.30.43.110
422,Willie,Hudson,whudsonbp@over-blog.com,Male,242.150.251.232
423,Elizabeth,Hanson,ehansonbq@friendfeed.com,Female,19.57.36.63
424,Norma,Brooks,nbrooksbr@reuters.com,Female,207.75.168.172
425,Roger,Gordon,rgordonbs@phpbb.com,Male,64.190.49.192
426,Anthony,Alexander,aalexanderbt@arstechnica.com,Male,121.110.45.249
427,Joan,Parker,jparkerbu@weather.com,Female,117.221.152.196
428,Wanda,Gibson,wgibsonbv@nhs.uk,Female,140.227.28.220
429,Rebecca,Edwards,redwardsbw@simplemachines.org,Female,175.78.181.6
430,Jacqueline,Simpson,jsimpsonbx@purevolume.com,Female,10.227.104.187
431,Donna,Clark,dclarkby@printfriendly.com,Female,162.79.239.29
432,Deborah,Reyes,dreyesbz@reference.com,Female,177.30.204.79
433,Janice,Anderson,jandersonc0@yellowpages.com,Female,55.194.238.173
434,Henry,Holmes,hholmesc1@is.gd,Male,141.21.113.99
435,Ruby,White,rwhitec2@hibu.com,Female,104.199.149.135
436,Ashley,Boyd,aboydc3@slate.com,Female,242.116.229.121
437,Ryan,Miller,rmillerc4@scribd.com,Male,1.182.83.239
438,Ashley,Banks,abanksc5@sfgate.com,Female,216.177.96.3
439,Brian,Hernandez,bhernandezc6@google.fr,Male,78.9.250.131
440,Denise,Henderson,dhendersonc7@list-manage.com,Female,100.72.171.148
441,Eugene,Dean,edeanc8@tinypic.com,Male,189.180.144.15
442,Dorothy,Wheeler,dwheelerc9@cargocollective.com,Female,72.43.35.55
443,Randy,Gray,rgrayca@webnode.com,Male,89.188.101.9
444,Patrick,Gardner,pgardnercb@bloomberg.com,Male,1.47.21.193
445,Patricia,Gardner,pgardnercc@ezinearticles.com,Female,223.52.86.162
446,Fred,Foster,ffostercd@surveymonkey.com,Male,173.12.18.158
447,John,Crawford,jcrawfordce@flickr.com,Male,174.41.13.53
448,Doris,Williams,dwilliamscf@trellian.com,Female,131.66.210.118
449,Brandon,Griffin,bgriffincg@1688.com,Male,67.233.177.185
450,Shirley,Adams,sadamsch@state.gov,Female,233.142.79.229
451,Helen,Fuller,hfullerci@nyu.edu,Female,140.149.230.16
452,Sharon,Bradley,sbradleycj@shop-pro.jp,Female,237.87.189.143
453,Victor,Howell,vhowellck@shareasale.com,Male,208.131.33.192
454,Lois,Hughes,lhughescl@walmart.com,Female,247.56.147.16
455,Catherine,Alexander,calexandercm@apple.com,Female,0.184.224.152
456,Judith,Jacobs,jjacobscn@blogspot.com,Female,243.82.91.80
457,Justin,Scott,jscottco@upenn.edu,Male,68.249.175.39
458,Norma,Chapman,nchapmancp@networksolutions.com,Female,130.76.211.215
459,Lori,Ramos,lramoscq@washington.edu,Female,188.84.77.155
460,Amy,Russell,arussellcr@soup.io,Female,241.42.33.243
461,Benjamin,Spencer,bspencercs@ted.com,Male,33.134.53.12
462,Frances,Fields,ffieldsct@ebay.com,Female,133.199.222.91
463,Joyce,Montgomery,jmontgomerycu@networksolutions.com,Female,188.116.136.157
464,Earl,Cox,ecoxcv@oaic.gov.au,Male,144.84.87.21
465,Jimmy,Chavez,jchavezcw@vk.com,Male,146.122.130.35
466,Richard,Marshall,rmarshallcx@engadget.com,Male,240.252.137.129
467,Carl,Burton,cburtoncy@ocn.ne.jp,Male,179.99.223.91
468,Ryan,Walker,rwalkercz@hc360.com,Male,247.21.106.129
469,Lori,Hicks,lhicksd0@wikimedia.org,Female,217.239.230.94
470,Timothy,Clark,tclarkd1@reference.com,Male,1.194.173.107
471,Harold,Morgan,hmorgand2@rediff.com,Male,10.150.165.113
472,Amanda,Elliott,aelliottd3@columbia.edu,Female,90.6.94.204
473,Steve,Banks,sbanksd4@digg.com,Male,170.173.240.40
474,Billy,Kelly,bkellyd5@youku.com,Male,152.9.166.55
475,Dennis,Larson,dlarsond6@networksolutions.com,Male,55.197.80.113
476,Anthony,Knight,aknightd7@360.cn,Male,222.162.59.162
477,Donna,Wells,dwellsd8@t-online.de,Female,71.185.197.164
478,Lisa,Tucker,ltuckerd9@senate.gov,Female,72.242.190.160
479,Joshua,Green,jgreenda@lycos.com,Male,165.7.254.88
480,Frances,Franklin,ffranklindb@bigcartel.com,Female,29.255.82.239
481,Kelly,Price,kpricedc@netvibes.com,Female,250.146.246.215
482,Keith,Henry,khenrydd@fda.gov,Male,30.164.98.222
483,Lisa,Gutierrez,lgutierrezde@cdc.gov,Female,206.130.119.100
484,Michael,Nguyen,mnguyendf@list-manage.com,Male,211.141.104.47
485,Mildred,Armstrong,marmstrongdg@yellowbook.com,Female,30.212.87.110
486,Joshua,Long,jlongdh@purevolume.com,Male,175.176.28.200
487,Ronald,Kim,rkimdi@tumblr.com,Male,75.131.125.31
488,Christina,Armstrong,carmstrongdj@aol.com,Female,202.153.157.48
489,Jane,Cruz,jcruzdk@wiley.com,Female,105.4.243.157
490,Betty,Harris,bharrisdl@ifeng.com,Female,93.141.81.96
491,Elizabeth,Taylor,etaylordm@mapy.cz,Female,79.34.199.104
492,Lisa,Andrews,landrewsdn@w3.org,Female,0.183.165.127
493,Rose,Murray,rmurraydo@illinois.edu,Female,60.86.47.255
494,Lois,Little,llittledp@wired.com,Female,252.219.9.82
495,Aaron,Frazier,afrazierdq@so-net.ne.jp,Male,52.203.204.2
496,Tina,Dunn,tdunndr@instagram.com,Female,247.14.207.198
497,Albert,Wells,awellsds@ox.ac.uk,Male,15.12.216.11
498,Robin,Perkins,rperkinsdt@php.net,Female,23.186.254.181
499,Debra,Henry,dhenrydu@istockphoto.com,Female,174.47.13.72
500,Brenda,Boyd,bboyddv@wsj.com,Female,4.62.213.69
501,Paul,Shaw,pshawdw@amazon.co.uk,Male,179.88.34.186
502,Catherine,Hanson,chansondx@hud.gov,Female,155.60.25.143
503,Barbara,Nelson,bnelsondy@eepurl.com,Female,32.88.55.132
504,Kathy,Hughes,khughesdz@pagesperso-orange.fr,Female,64.143.13.193
505,Janet,Jackson,jjacksone0@un.org,Female,2.180.88.31
506,Jesse,Ellis,jellise1@craigslist.org,Male,24.246.12.92
507,Philip,Schmidt,pschmidte2@gizmodo.com,Male,128.185.86.163
508,Juan,Evans,jevanse3@arstechnica.com,Male,182.179.180.48
509,Ann,Lopez,alopeze4@biblegateway.com,Female,25.170.180.27
510,Willie,Brown,wbrowne5@nasa.gov,Male,89.19.212.171
511,Shirley,Russell,srusselle6@blogger.com,Female,38.219.238.95
512,Cynthia,Ellis,cellise7@harvard.edu,Female,91.38.113.138
513,Jennifer,Boyd,jboyde8@blinklist.com,Female,214.143.224.52
514,Norma,Little,nlittlee9@webnode.com,Female,186.143.212.229
515,Sandra,Torres,storresea@oakley.com,Female,195.128.87.240
516,Jerry,Hart,jharteb@ovh.net,Male,234.1.222.97
517,Kathleen,Greene,kgreeneec@arizona.edu,Female,16.204.71.179
518,Ernest,Dunn,edunned@jiathis.com,Male,181.182.133.145
519,Jerry,Jacobs,jjacobsee@foxnews.com,Male,11.122.114.93
520,Joan,Sullivan,jsullivanef@furl.net,Female,227.23.0.56
521,Janet,Allen,jalleneg@nbcnews.com,Female,238.233.194.231
522,Gerald,Sullivan,gsullivaneh@ning.com,Male,173.115.122.66
523,Walter,Wheeler,wwheelerei@unicef.org,Male,150.171.38.129
524,Earl,Flores,efloresej@paginegialle.it,Male,196.250.34.70
525,Andrew,Gilbert,agilbertek@google.ru,Male,217.192.85.84
526,Amy,Day,adayel@etsy.com,Female,217.142.44.206
527,Joseph,Butler,jbutlerem@php.net,Male,138.66.137.27
528,George,Cox,gcoxen@goo.gl,Male,173.103.140.233
529,Pamela,Campbell,pcampbelleo@nps.gov,Female,107.171.182.129
530,Jesse,Morris,jmorrisep@pen.io,Male,232.31.215.207
531,Katherine,Morgan,kmorganeq@washingtonpost.com,Female,112.89.173.215
532,Amanda,Cook,acooker@shinystat.com,Female,228.6.252.218
533,Adam,Hanson,ahansones@last.fm,Male,38.189.233.223
534,Marilyn,Lopez,mlopezet@fema.gov,Female,44.92.24.45
535,Marilyn,Stanley,mstanleyeu@google.ca,Female,19.206.160.2
536,Keith,Perkins,kperkinsev@irs.gov,Male,185.51.76.201
537,William,Rivera,wriveraew@fastcompany.com,Male,186.191.86.108
538,Brian,Turner,bturnerex@angelfire.com,Male,198.202.60.238
539,Daniel,Sims,dsimsey@nydailynews.com,Male,90.132.29.133
540,Justin,Hayes,jhayesez@ft.com,Male,129.138.54.124
541,Norma,Hayes,nhayesf0@sciencedirect.com,Female,52.110.23.133
542,William,Ford,wfordf1@spotify.com,Male,51.6.61.199
543,Donald,Peters,dpetersf2@abc.net.au,Male,71.6.23.98
544,Lois,Fox,lfoxf3@blogspot.com,Female,175.151.204.180
545,Harry,Ward,hwardf4@dailymail.co.uk,Male,116.118.53.242
546,Raymond,Wagner,rwagnerf5@icq.com,Male,102.98.83.59
547,Anthony,Armstrong,aarmstrongf6@ox.ac.uk,Male,44.147.190.87
548,Shirley,Bennett,sbennettf7@people.com.cn,Female,186.157.136.170
549,Douglas,Berry,dberryf8@craigslist.org,Male,43.150.150.80
550,Jack,Perez,jperezf9@indiatimes.com,Male,15.184.154.1
551,Daniel,Taylor,dtaylorfa@uiuc.edu,Male,138.113.48.126
552,Charles,Jenkins,cjenkinsfb@angelfire.com,Male,96.163.182.102
553,Alice,Stanley,astanleyfc@loc.gov,Female,178.9.220.48
554,Fred,Warren,fwarrenfd@infoseek.co.jp,Male,206.240.185.18
555,Donald,Miller,dmillerfe@dagondesign.com,Male,11.28.13.150
556,Patrick,Nichols,pnicholsff@hugedomains.com,Male,169.193.216.22
557,Annie,Barnes,abarnesfg@ning.com,Female,74.69.79.81
558,Randy,Peters,rpetersfh@hhs.gov,Male,255.54.208.149
559,Jacqueline,Ross,jrossfi@g.co,Female,71.226.41.122
560,Aaron,Rice,aricefj@wikispaces.com,Male,248.174.44.90
561,Cynthia,Spencer,cspencerfk@hud.gov,Female,91.253.160.239
562,James,Parker,jparkerfl@google.nl,Male,48.33.43.21
563,Russell,Richards,rrichardsfm@oakley.com,Male,206.105.8.252
564,Terry,Russell,trussellfn@ft.com,Male,166.245.145.109
565,Evelyn,Wheeler,ewheelerfo@addtoany.com,Female,230.81.194.138
566,George,James,gjamesfp@moonfruit.com,Male,25.14.228.178
567,Kelly,Howell,khowellfq@google.com.br,Female,154.132.8.179
568,Charles,Anderson,candersonfr@house.gov,Male,166.25.106.150
569,Clarence,Wagner,cwagnerfs@ca.gov,Male,18.75.26.235
570,Gloria,Fowler,gfowlerft@odnoklassniki.ru,Female,221.61.153.15
571,Ruth,Hansen,rhansenfu@paypal.com,Female,30.54.38.239
572,Howard,Mason,hmasonfv@cornell.edu,Male,192.104.254.158
573,Willie,Watson,wwatsonfw@businesswire.com,Male,154.142.27.86
574,Ralph,Snyder,rsnyderfx@auda.org.au,Male,21.250.69.217
575,Martha,Gutierrez,mgutierrezfy@earthlink.net,Female,196.49.164.76
576,Carlos,Montgomery,cmontgomeryfz@mayoclinic.com,Male,223.130.224.186
577,Pamela,Jackson,pjacksong0@tmall.com,Female,168.73.37.166
578,Beverly,Phillips,bphillipsg1@state.tx.us,Female,46.161.4.112
579,Jennifer,Gilbert,jgilbertg2@indiatimes.com,Female,42.210.227.2
580,Carolyn,Gordon,cgordong3@free.fr,Female,38.228.237.237
581,Maria,Russell,mrussellg4@addtoany.com,Female,208.68.196.33
582,Antonio,Holmes,aholmesg5@amazon.co.uk,Male,48.175.83.72
583,Larry,Baker,lbakerg6@etsy.com,Male,66.4.247.66
584,Elizabeth,Diaz,ediazg7@flickr.com,Female,33.181.205.214
585,Edward,Wright,ewrightg8@eepurl.com,Male,143.12.22.34
586,Bobby,Butler,bbutlerg9@hao123.com,Male,89.241.182.94
587,Margaret,Alexander,malexanderga@w3.org,Female,250.92.158.41
588,Maria,Price,mpricegb@miitbeian.gov.cn,Female,21.243.193.123
589,Peter,Hawkins,phawkinsgc@desdev.cn,Male,33.21.57.11
590,Edward,Rodriguez,erodriguezgd@npr.org,Male,245.224.249.57
591,Kathryn,Bradley,kbradleyge@mapquest.com,Female,81.86.177.237
592,Doris,Kennedy,dkennedygf@unicef.org,Female,172.136.83.126
593,Timothy,Stone,tstonegg@xrea.com,Male,216.155.15.162
594,Benjamin,Ferguson,bfergusongh@symantec.com,Male,33.46.106.168
595,Frank,Butler,fbutlergi@cnn.com,Male,96.202.9.28
596,Eugene,Simpson,esimpsongj@tripadvisor.com,Male,183.251.178.58
597,Keith,Edwards,kedwardsgk@loc.gov,Male,15.231.176.130
598,Cheryl,Olson,colsongl@geocities.com,Female,246.59.223.15
599,Larry,Larson,llarsongm@soundcloud.com,Male,18.165.59.58
600,Henry,White,hwhitegn@pinterest.com,Male,113.161.16.45
601,Joshua,Clark,jclarkgo@360.cn,Male,240.78.35.13
602,Kathleen,Anderson,kandersongp@netvibes.com,Female,33.202.211.204
603,William,Thompson,wthompsongq@independent.co.uk,Male,216.143.1.186
604,Peter,Martinez,pmartinezgr@t-online.de,Male,39.70.212.34
605,Joe,Clark,jclarkgs@arstechnica.com,Male,20.195.104.14
606,Martin,Carr,mcarrgt@google.es,Male,180.183.42.150
607,Dennis,Fox,dfoxgu@icio.us,Male,138.64.254.194
608,Thomas,Gomez,tgomezgv@slate.com,Male,15.93.119.135
609,Howard,Stephens,hstephensgw@huffingtonpost.com,Male,152.4.242.237
610,Michael,Mcdonald,mmcdonaldgx@oaic.gov.au,Male,162.71.156.244
611,Carl,Sanders,csandersgy@networksolutions.com,Male,197.243.129.147
612,Anne,Wallace,awallacegz@technorati.com,Female,112.101.167.109
613,Jane,Lee,jleeh0@qq.com,Female,172.167.161.54
614,Mary,Sanders,msandersh1@boston.com,Female,230.178.117.150
615,Andrew,Crawford,acrawfordh2@theguardian.com,Male,30.210.224.19
616,Matthew,Alexander,malexanderh3@google.es,Male,240.229.55.11
617,Jose,Gibson,jgibsonh4@weather.com,Male,74.82.93.93
618,Samuel,Phillips,sphillipsh5@typepad.com,Male,44.20.102.210
619,Steven,Mccoy,smccoyh6@purevolume.com,Male,235.60.44.141
620,Sara,Griffin,sgriffinh7@dell.com,Female,226.64.29.37
621,Lillian,Henry,lhenryh8@tumblr.com,Female,157.219.9.95
622,Kelly,Murray,kmurrayh9@nydailynews.com,Female,243.7.93.37
623,Christine,Gordon,cgordonha@tripadvisor.com,Female,203.186.64.67
624,Andrew,Hunt,ahunthb@webeden.co.uk,Male,216.57.10.37
625,Jose,Perez,jperezhc@networkadvertising.org,Male,97.84.195.25
626,Stephen,Gordon,sgordonhd@google.ca,Male,119.8.197.171
627,Aaron,Baker,abakerhe@pinterest.com,Male,156.142.198.128
628,Jeremy,Snyder,jsnyderhf@wikia.com,Male,255.189.89.181
629,Ashley,Nguyen,anguyenhg@bravesites.com,Female,9.45.207.100
630,Scott,Carpenter,scarpenterhh@rambler.ru,Male,2.80.108.186
631,Teresa,Pierce,tpiercehi@example.com,Female,66.151.36.145
632,Ashley,Johnson,ajohnsonhj@ocn.ne.jp,Female,247.111.86.40
633,Alice,Johnson,ajohnsonhk@devhub.com,Female,140.131.65.189
634,Daniel,Sullivan,dsullivanhl@goo.gl,Male,146.38.155.56
635,Jeffrey,Elliott,jelliotthm@amazonaws.com,Male,207.15.79.122
636,Louis,Cunningham,lcunninghamhn@elegantthemes.com,Male,77.167.116.181
637,Brandon,Morris,bmorrisho@springer.com,Male,201.125.73.213
638,Jeffrey,Myers,jmyershp@slate.com,Male,143.113.58.0
639,Lois,Nelson,lnelsonhq@imgur.com,Female,232.186.144.79
640,Teresa,Myers,tmyershr@uiuc.edu,Female,75.48.223.60
641,Matthew,Grant,mgranths@mlb.com,Male,123.200.196.53
642,Kevin,Lane,klaneht@hubpages.com,Male,200.167.58.124
643,Martha,Robinson,mrobinsonhu@vinaora.com,Female,219.241.170.163
644,Douglas,Green,dgreenhv@ftc.gov,Male,193.244.81.95
645,Andrea,Jordan,ajordanhw@mail.ru,Female,4.248.15.54
646,Jonathan,Fox,jfoxhx@istockphoto.com,Male,69.94.117.236
647,Irene,Williamson,iwilliamsonhy@discovery.com,Female,173.92.58.31
648,Ruth,Morrison,rmorrisonhz@mozilla.com,Female,154.13.183.228
649,Gregory,Baker,gbakeri0@sciencedirect.com,Male,126.31.234.154
650,William,Hudson,whudsoni1@youtu.be,Male,42.17.14.214
651,Raymond,Ward,rwardi2@businessweek.com,Male,157.87.130.114
652,Jesse,Dixon,jdixoni3@mozilla.com,Male,224.48.187.25
653,Rachel,Riley,rrileyi4@uol.com.br,Female,255.38.17.214
654,Richard,Walker,rwalkeri5@vk.com,Male,108.12.98.133
655,Lillian,Jones,ljonesi6@soup.io,Female,220.243.179.149
656,Diane,Jackson,djacksoni7@netvibes.com,Female,150.238.99.25
657,Larry,Ramirez,lramirezi8@networksolutions.com,Male,99.38.49.118
658,Ralph,Mason,rmasoni9@mail.ru,Male,186.186.177.200
659,Andrea,Kelly,akellyia@tinypic.com,Female,223.76.245.13
660,Martin,Willis,mwillisib@com.com,Male,207.229.87.170
661,Christine,Hudson,chudsonic@blogger.com,Female,115.30.57.171
662,Billy,Davis,bdavisid@unicef.org,Male,116.147.44.108
663,Johnny,Jones,jjonesie@ucsd.edu,Male,122.59.65.42
664,Roger,Simpson,rsimpsonif@altervista.org,Male,119.140.51.89
665,Willie,Simpson,wsimpsonig@microsoft.com,Male,69.152.16.251
666,Christine,Adams,cadamsih@guardian.co.uk,Female,16.24.67.98
667,Joan,Sanchez,jsanchezii@jigsy.com,Female,132.54.30.195
668,Rebecca,Owens,rowensij@squidoo.com,Female,33.29.18.128
669,Andrea,Greene,agreeneik@chicagotribune.com,Female,75.202.70.130
670,Nicholas,Carpenter,ncarpenteril@woothemes.com,Male,241.144.73.208
671,Lawrence,Bryant,lbryantim@comcast.net,Male,34.242.196.3
672,Jason,Burke,jburkein@eventbrite.com,Male,203.63.9.60
673,Samuel,King,skingio@msu.edu,Male,238.74.100.147
674,Melissa,Palmer,mpalmerip@networkadvertising.org,Female,95.29.95.134
675,Frank,Knight,fknightiq@cocolog-nifty.com,Male,41.60.233.8
676,Charles,Morales,cmoralesir@chron.com,Male,112.151.168.243
677,Justin,Thomas,jthomasis@engadget.com,Male,42.190.18.187
678,Paul,Hill,phillit@huffingtonpost.com,Male,138.208.225.250
679,Julie,Day,jdayiu@blogger.com,Female,97.48.36.185
680,Judy,Hudson,jhudsoniv@ovh.net,Female,6.227.59.227
681,Jimmy,Palmer,jpalmeriw@state.gov,Male,252.205.81.97
682,Julie,Rivera,jriveraix@woothemes.com,Female,102.195.233.97
683,Harold,Williamson,hwilliamsoniy@mozilla.com,Male,100.151.123.237
684,Sharon,Fuller,sfulleriz@yellowbook.com,Female,3.188.101.130
685,Sara,Gordon,sgordonj0@instagram.com,Female,34.106.82.5
686,Sandra,Perkins,sperkinsj1@mediafire.com,Female,38.228.141.19
687,Annie,Carr,acarrj2@hc360.com,Female,43.189.251.81
688,Paul,Richardson,prichardsonj3@surveymonkey.com,Male,217.208.131.42
689,Maria,Shaw,mshawj4@disqus.com,Female,127.62.251.230
690,Jeremy,Clark,jclarkj5@nhs.uk,Male,78.63.211.20
691,Andrew,Mitchell,amitchellj6@eepurl.com,Male,103.96.247.214
692,Betty,Reynolds,breynoldsj7@wp.com,Female,220.206.249.9
693,Anthony,Kelly,akellyj8@skyrock.com,Male,55.33.234.188
694,Bruce,Fisher,bfisherj9@goo.gl,Male,232.227.153.84
695,Beverly,Gonzales,bgonzalesja@is.gd,Female,210.126.13.91
696,Andrea,Allen,aallenjb@shutterfly.com,Female,201.132.173.127
697,Angela,Young,ayoungjc@jimdo.com,Female,101.225.179.14
698,Joseph,Phillips,jphillipsjd@archive.org,Male,75.111.245.40
699,Beverly,Lewis,blewisje@uol.com.br,Female,1.187.254.160
700,Linda,Cunningham,lcunninghamjf@weather.com,Female,78.143.100.40
701,Marilyn,Cruz,mcruzjg@blogs.com,Female,165.208.60.181
702,Jennifer,Russell,jrusselljh@google.com.au,Female,166.31.73.198
703,Rebecca,James,rjamesji@cdc.gov,Female,247.70.140.32
704,David,Bryant,dbryantjj@mac.com,Male,102.30.115.21
705,Gloria,Carter,gcarterjk@canalblog.com,Female,181.3.106.73
706,Steve,Murray,smurrayjl@studiopress.com,Male,81.235.97.155
707,Phyllis,Harper,pharperjm@shareasale.com,Female,85.146.108.152
708,Betty,Roberts,brobertsjn@aboutads.info,Female,146.135.216.154
709,Jerry,Mason,jmasonjo@hp.com,Male,54.229.226.6
710,Rachel,Hunter,rhunterjp@xing.com,Female,55.64.85.212
711,Roger,Harvey,rharveyjq@sbwire.com,Male,144.136.89.175
712,Annie,Henry,ahenryjr@state.gov,Female,246.241.253.146
713,Catherine,Spencer,cspencerjs@msu.edu,Female,125.105.1.69
714,Betty,Marshall,bmarshalljt@marriott.com,Female,23.245.108.63
715,Harold,Evans,hevansju@behance.net,Male,254.178.245.95
716,Gerald,Mendoza,gmendozajv@senate.gov,Male,104.207.165.195
717,Diana,Hayes,dhayesjw@mozilla.org,Female,110.222.228.148
718,Christopher,Franklin,cfranklinjx@comcast.net,Male,230.212.144.253
719,Anne,James,ajamesjy@virginia.edu,Female,186.59.7.12
720,James,Peters,jpetersjz@google.com.hk,Male,175.17.23.67
721,Janet,Ellis,jellisk0@dmoz.org,Female,157.89.57.78
722,Douglas,Watson,dwatsonk1@mtv.com,Male,81.61.212.207
723,Stephanie,Bowman,sbowmank2@people.com.cn,Female,114.217.46.66
724,Susan,Fernandez,sfernandezk3@tuttocitta.it,Female,217.223.100.18
725,Peter,Morgan,pmorgank4@hostgator.com,Male,21.138.207.141
726,Nancy,Gonzalez,ngonzalezk5@cdc.gov,Female,179.160.189.179
727,Katherine,Armstrong,karmstrongk6@wp.com,Female,94.21.236.157
728,Scott,Marshall,smarshallk7@odnoklassniki.ru,Male,179.5.225.84
729,Bonnie,Ross,brossk8@hatena.ne.jp,Female,76.138.46.220
730,Antonio,Fields,afieldsk9@wikispaces.com,Male,221.150.130.177
731,Dennis,Fowler,dfowlerka@gmpg.org,Male,133.45.232.189
732,Joseph,Gardner,jgardnerkb@bloomberg.com,Male,71.240.154.179
733,Donna,Stewart,dstewartkc@mapquest.com,Female,42.146.223.53
734,Adam,Gomez,agomezkd@ifeng.com,Male,66.11.25.0
735,Gloria,Cook,gcookke@ed.gov,Female,0.56.254.34
736,Peter,George,pgeorgekf@blogtalkradio.com,Male,192.73.47.66
737,Richard,Mills,rmillskg@accuweather.com,Male,101.26.241.178
738,Wayne,Brown,wbrownkh@auda.org.au,Male,95.163.145.14
739,John,Garza,jgarzaki@mit.edu,Male,180.122.90.142
740,Julia,Clark,jclarkkj@newyorker.com,Female,243.60.143.134
741,Julia,Dean,jdeankk@mtv.com,Female,243.113.232.190
742,Mary,Pierce,mpiercekl@cloudflare.com,Female,253.15.26.104
743,William,Anderson,wandersonkm@webs.com,Male,20.93.197.86
744,Jennifer,Howell,jhowellkn@reference.com,Female,4.70.10.248
745,Philip,Allen,pallenko@army.mil,Male,176.225.68.2
746,Tina,Hernandez,thernandezkp@1und1.de,Female,151.185.191.229
747,Arthur,Hanson,ahansonkq@exblog.jp,Male,71.195.47.79
748,Nicholas,Crawford,ncrawfordkr@yahoo.com,Male,151.79.104.224
749,Ann,Kim,akimks@theguardian.com,Female,196.112.206.31
750,Ryan,Murray,rmurraykt@home.pl,Male,136.78.195.18
751,Kathryn,Cruz,kcruzku@hp.com,Female,192.17.135.178
752,Shawn,Berry,sberrykv@mashable.com,Male,30.187.64.248
753,Phyllis,Wells,pwellskw@netlog.com,Female,247.43.191.14
754,Keith,Fernandez,kfernandezkx@hibu.com,Male,77.169.88.201
755,Lisa,Thompson,lthompsonky@rakuten.co.jp,Female,188.117.122.193
756,Timothy,Gibson,tgibsonkz@ucoz.ru,Male,209.64.55.153
757,Ronald,Barnes,rbarnesl0@google.es,Male,87.148.103.18
758,Johnny,Brooks,jbrooksl1@netscape.com,Male,209.44.201.186
759,Sara,Williams,swilliamsl2@slate.com,Female,224.185.145.8
760,Timothy,Fuller,tfullerl3@xing.com,Male,117.253.112.95
761,Gregory,Coleman,gcolemanl4@loc.gov,Male,71.124.82.224
762,Stephen,Gonzales,sgonzalesl5@auda.org.au,Male,178.163.215.25
763,Douglas,Rodriguez,drodriguezl6@archive.org,Male,110.174.110.212
764,Louise,Baker,lbakerl7@globo.com,Female,77.243.161.77
765,Marilyn,Carroll,mcarrolll8@lycos.com,Female,148.30.95.95
766,Andrew,Wheeler,awheelerl9@webnode.com,Male,161.2.170.228
767,Joseph,Kelly,jkellyla@deliciousdays.com,Male,252.156.8.150
768,Jonathan,Harper,jharperlb@reddit.com,Male,93.195.43.116
769,Ernest,Jordan,ejordanlc@nba.com,Male,106.243.78.222
770,Donald,Lee,dleeld@ox.ac.uk,Male,82.11.153.91
771,Steve,Ryan,sryanle@hugedomains.com,Male,120.129.248.182
772,Joseph,Walker,jwalkerlf@ifeng.com,Male,150.71.222.130
773,Richard,Fisher,rfisherlg@blogs.com,Male,237.236.190.157
774,Teresa,Ford,tfordlh@intel.com,Female,114.175.203.0
775,Jeremy,Ramos,jramosli@webnode.com,Male,35.49.244.119
776,Sean,Wheeler,swheelerlj@sakura.ne.jp,Male,77.146.165.123
777,Anne,Harris,aharrislk@berkeley.edu,Female,67.96.28.49
778,Michelle,Myers,mmyersll@trellian.com,Female,97.42.60.110
779,Joyce,Fox,jfoxlm@wunderground.com,Female,251.97.212.33
780,Gary,Riley,grileyln@census.gov,Male,90.62.56.98
781,Henry,Davis,hdavislo@amazon.com,Male,77.129.226.208
782,Carlos,Ferguson,cfergusonlp@cyberchimps.com,Male,176.6.208.2
783,Ralph,Adams,radamslq@printfriendly.com,Male,214.73.22.125
784,Carlos,Weaver,cweaverlr@cornell.edu,Male,14.233.240.19
785,Heather,Montgomery,hmontgomeryls@google.com,Female,161.135.43.205
786,Jerry,Wallace,jwallacelt@weebly.com,Male,221.135.202.38
787,Jack,Sims,jsimslu@cpanel.net,Male,160.244.117.246
788,Sara,Brooks,sbrookslv@wp.com,Female,96.228.226.119
789,Todd,Sanchez,tsanchezlw@163.com,Male,194.169.126.78
790,Nicholas,Romero,nromerolx@etsy.com,Male,112.89.248.52
791,Linda,Rose,lrosely@homestead.com,Female,189.27.36.36
792,Thomas,Foster,tfosterlz@ed.gov,Male,115.142.29.50
793,Sharon,Lawson,slawsonm0@usgs.gov,Female,88.24.197.105
794,Mildred,Medina,mmedinam1@liveinternet.ru,Female,24.255.110.44
795,Rose,Nichols,rnicholsm2@networksolutions.com,Female,247.143.163.144
796,Angela,Barnes,abarnesm3@shareasale.com,Female,31.233.86.61
797,Bruce,Parker,bparkerm4@odnoklassniki.ru,Male,57.97.201.167
798,Patrick,Parker,pparkerm5@vinaora.com,Male,232.194.156.241
799,Brenda,Grant,bgrantm6@jigsy.com,Female,98.40.138.46
800,Ann,Wallace,awallacem7@sogou.com,Female,123.122.54.208
801,Craig,Frazier,cfrazierm8@who.int,Male,132.89.30.126
802,Earl,Griffin,egriffinm9@java.com,Male,101.1.95.178
803,Frank,Montgomery,fmontgomeryma@arstechnica.com,Male,222.125.164.58
804,Julie,Richards,jrichardsmb@icq.com,Female,92.77.116.32
805,Arthur,Lewis,alewismc@google.ru,Male,21.133.158.40
806,Timothy,Lawrence,tlawrencemd@netscape.com,Male,162.169.18.111
807,Ernest,Wright,ewrightme@illinois.edu,Male,39.221.208.35
808,Evelyn,Roberts,erobertsmf@dmoz.org,Female,63.168.192.99
809,Deborah,Grant,dgrantmg@blog.com,Female,215.212.106.46
810,Margaret,Holmes,mholmesmh@privacy.gov.au,Female,235.50.220.228
811,Gregory,Peterson,gpetersonmi@oracle.com,Male,190.29.235.135
812,Janet,Peterson,jpetersonmj@flickr.com,Female,247.119.239.29
813,Virginia,Howell,vhowellmk@msu.edu,Female,145.68.70.255
814,Philip,Perez,pperezml@nba.com,Male,249.112.32.162
815,Steven,Sanchez,ssanchezmm@tiny.cc,Male,9.22.33.99
816,Melissa,Rivera,mriveramn@sfgate.com,Female,5.181.200.148
817,Raymond,Gibson,rgibsonmo@cdbaby.com,Male,4.113.83.164
818,Theresa,Sullivan,tsullivanmp@disqus.com,Female,228.215.184.144
819,Peter,Hudson,phudsonmq@accuweather.com,Male,138.231.124.101
820,Stephanie,Mitchell,smitchellmr@businesswire.com,Female,215.26.115.30
821,Anne,Jordan,ajordanms@hc360.com,Female,165.107.103.141
822,Sandra,Mccoy,smccoymt@house.gov,Female,231.115.192.73
823,Keith,Carter,kcartermu@yellowpages.com,Male,180.243.154.251
824,Emily,Hunt,ehuntmv@people.com.cn,Female,54.46.128.238
825,Howard,Davis,hdavismw@springer.com,Male,172.145.75.17
826,Tina,Bailey,tbaileymx@devhub.com,Female,68.196.40.195
827,Willie,Lane,wlanemy@mashable.com,Male,80.83.219.180
828,Patrick,Johnston,pjohnstonmz@chronoengine.com,Male,163.173.48.138
829,Sharon,Wilson,swilsonn0@nih.gov,Female,92.15.85.151
830,Randy,Mason,rmasonn1@bandcamp.com,Male,184.207.243.115
831,Theresa,Fox,tfoxn2@microsoft.com,Female,179.130.193.53
832,Sharon,Hanson,shansonn3@qq.com,Female,216.238.140.101
833,Katherine,Stone,kstonen4@msn.com,Female,234.168.232.142
834,Wanda,Stewart,wstewartn5@nbcnews.com,Female,112.189.69.156
835,Randy,Wood,rwoodn6@shutterfly.com,Male,192.113.4.200
836,Betty,Perry,bperryn7@chron.com,Female,166.183.194.31
837,Cheryl,Stevens,cstevensn8@theatlantic.com,Female,5.30.191.209
838,Catherine,Howell,chowelln9@php.net,Female,59.163.164.246
839,Shirley,Willis,swillisna@over-blog.com,Female,12.4.34.25
840,Cheryl,Moreno,cmorenonb@techcrunch.com,Female,8.82.119.23
841,Pamela,Fields,pfieldsnc@diigo.com,Female,112.231.31.146
842,Amanda,Howell,ahowellnd@wordpress.org,Female,206.232.52.236
843,Todd,Henry,thenryne@accuweather.com,Male,202.106.228.214
844,Rose,Ferguson,rfergusonnf@dion.ne.jp,Female,24.252.146.95
845,Ryan,Washington,rwashingtonng@phpbb.com,Male,249.81.178.181
846,Peter,Adams,padamsnh@wikipedia.org,Male,174.138.155.227
847,Gregory,Cruz,gcruzni@reuters.com,Male,67.105.42.146
848,Douglas,Jordan,djordannj@latimes.com,Male,108.65.165.91
849,Anthony,Dixon,adixonnk@google.it,Male,85.5.190.32
850,Beverly,Ramos,bramosnl@freewebs.com,Female,108.106.10.168
851,William,Graham,wgrahamnm@msu.edu,Male,36.106.206.102
852,Charles,Flores,cfloresnn@bizjournals.com,Male,56.78.179.91
853,Pamela,Franklin,pfranklinno@example.com,Female,84.231.15.96
854,Deborah,Ruiz,druiznp@artisteer.com,Female,32.55.215.152
855,Maria,Wagner,mwagnernq@github.io,Female,223.156.169.107
856,James,Cook,jcooknr@123-reg.co.uk,Male,13.173.46.54
857,Katherine,Howell,khowellns@bluehost.com,Female,231.202.93.113
858,Diana,George,dgeorgent@privacy.gov.au,Female,162.211.128.67
859,Patrick,Welch,pwelchnu@cocolog-nifty.com,Male,97.206.75.220
860,Patrick,Taylor,ptaylornv@surveymonkey.com,Male,216.215.78.167
861,Linda,Robinson,lrobinsonnw@cafepress.com,Female,244.242.185.1
862,Heather,Carpenter,hcarpenternx@yolasite.com,Female,99.220.221.8
863,Ruth,Brown,rbrownny@wordpress.org,Female,118.249.217.183
864,Margaret,Washington,mwashingtonnz@sakura.ne.jp,Female,154.253.202.113
865,Marilyn,Gonzales,mgonzaleso0@bbc.co.uk,Female,30.137.123.48
866,Diane,Carr,dcarro1@jimdo.com,Female,182.44.160.250
867,Ryan,Fernandez,rfernandezo2@spotify.com,Male,195.8.63.141
868,Martin,Simmons,msimmonso3@omniture.com,Male,192.82.164.68
869,Amanda,Arnold,aarnoldo4@yelp.com,Female,99.46.135.107
870,Kathryn,Porter,kportero5@studiopress.com,Female,121.65.131.79
871,Frank,Watkins,fwatkinso6@sfgate.com,Male,211.61.169.243
872,Ralph,Freeman,rfreemano7@addtoany.com,Male,162.111.206.215
873,Marie,Roberts,mrobertso8@constantcontact.com,Female,15.127.177.2
874,Raymond,Garcia,rgarciao9@myspace.com,Male,162.246.17.154
875,Adam,Hunt,ahuntoa@artisteer.com,Male,216.155.12.189
876,Sarah,Tucker,stuckerob@prweb.com,Female,172.117.116.76
877,Mildred,Rogers,mrogersoc@umich.edu,Female,5.124.134.209
878,Kelly,Holmes,kholmesod@histats.com,Female,221.202.76.50
879,Anthony,Myers,amyersoe@army.mil,Male,247.36.211.247
880,Jennifer,Cunningham,jcunninghamof@theatlantic.com,Female,160.216.21.216
881,George,Burns,gburnsog@angelfire.com,Male,6.64.60.60
882,George,Dean,gdeanoh@msn.com,Male,243.192.102.130
883,Joseph,Parker,jparkeroi@foxnews.com,Male,170.36.37.183
884,Dennis,Henderson,dhendersonoj@51.la,Male,241.252.72.195
885,Roy,Johnston,rjohnstonok@walmart.com,Male,44.223.10.84
886,Julie,Reynolds,jreynoldsol@nih.gov,Female,199.120.122.209
887,John,Jenkins,jjenkinsom@msn.com,Male,49.244.112.69
888,Jack,Rogers,jrogerson@nydailynews.com,Male,124.64.239.212
889,Ernest,Boyd,eboydoo@w3.org,Male,73.164.127.92
890,Bruce,Hunter,bhunterop@multiply.com,Male,197.183.141.59
891,Louis,Hernandez,lhernandezoq@mediafire.com,Male,26.118.118.130
892,Judith,Griffin,jgriffinor@smugmug.com,Female,121.197.73.83
893,Jason,Harper,jharperos@elpais.com,Male,38.200.123.6
894,Shirley,Mitchell,smitchellot@creativecommons.org,Female,79.71.42.244
895,Doris,Fox,dfoxou@technorati.com,Female,154.214.117.252
896,Carl,Garcia,cgarciaov@weather.com,Male,137.116.47.87
897,Maria,Wright,mwrightow@upenn.edu,Female,231.108.28.245
898,Tammy,Parker,tparkerox@paginegialle.it,Female,232.86.91.189
899,Andrew,Fowler,afowleroy@state.tx.us,Male,248.121.145.254
900,Clarence,Mcdonald,cmcdonaldoz@tuttocitta.it,Male,124.227.126.184
901,Jeremy,Turner,jturnerp0@wired.com,Male,25.27.231.175
902,Theresa,Williamson,twilliamsonp1@imgur.com,Female,217.244.6.109
903,Jeremy,Long,jlongp2@printfriendly.com,Male,194.196.95.28
904,Maria,Campbell,mcampbellp3@barnesandnoble.com,Female,251.200.182.183
905,Amanda,Fernandez,afernandezp4@prnewswire.com,Female,104.115.20.102
906,Earl,Henry,ehenryp5@networkadvertising.org,Male,143.149.233.113
907,Jack,Wells,jwellsp6@irs.gov,Male,192.42.170.3
908,Justin,Davis,jdavisp7@linkedin.com,Male,203.239.151.20
909,Kelly,Fowler,kfowlerp8@jalbum.net,Female,206.100.195.43
910,Norma,Hunter,nhunterp9@google.nl,Female,249.184.160.84
911,Marilyn,Ray,mraypa@newyorker.com,Female,23.90.49.40
912,Eugene,Austin,eaustinpb@apple.com,Male,181.74.192.0
913,Kathryn,Cox,kcoxpc@multiply.com,Female,149.7.56.164
914,Karen,Morales,kmoralespd@is.gd,Female,238.67.215.193
915,Joe,Olson,jolsonpe@ifeng.com,Male,94.88.28.29
916,Virginia,Martinez,vmartinezpf@craigslist.org,Female,177.75.56.203
917,Albert,Armstrong,aarmstrongpg@mayoclinic.com,Male,108.82.213.25
918,Lillian,Bailey,lbaileyph@prweb.com,Female,166.160.49.116
919,Janet,Peters,jpeterspi@huffingtonpost.com,Female,202.229.136.225
920,Kathryn,Young,kyoungpj@timesonline.co.uk,Female,111.204.195.94
921,Judy,Harrison,jharrisonpk@theguardian.com,Female,48.194.152.254
922,Cheryl,Woods,cwoodspl@unblog.fr,Female,111.7.133.19
923,Janice,Powell,jpowellpm@nba.com,Female,33.31.215.253
924,Doris,Gibson,dgibsonpn@hubpages.com,Female,32.118.222.162
925,Ernest,Black,eblackpo@soundcloud.com,Male,138.99.7.155
926,Gerald,Williams,gwilliamspp@yolasite.com,Male,183.97.157.39
927,Sara,Williamson,swilliamsonpq@house.gov,Female,222.94.148.131
928,Frank,Murphy,fmurphypr@studiopress.com,Male,27.215.137.101
929,Shirley,Brown,sbrownps@nationalgeographic.com,Female,161.146.143.22
930,Beverly,Jacobs,bjacobspt@merriam-webster.com,Female,81.149.23.27
931,Donna,Ramirez,dramirezpu@boston.com,Female,133.88.122.61
932,Julie,Wood,jwoodpv@ocn.ne.jp,Female,183.175.162.3
933,Philip,Armstrong,parmstrongpw@techcrunch.com,Male,49.124.1.235
934,Rose,Myers,rmyerspx@cisco.com,Female,59.178.44.111
935,Bruce,Banks,bbankspy@trellian.com,Male,19.129.122.202
936,Joyce,Moreno,jmorenopz@eventbrite.com,Female,138.195.122.120
937,Jeffrey,Roberts,jrobertsq0@elegantthemes.com,Male,172.213.1.224
938,Jesse,Carpenter,jcarpenterq1@accuweather.com,Male,136.22.252.196
939,Henry,Weaver,hweaverq2@soundcloud.com,Male,20.31.41.61
940,Shirley,Cunningham,scunninghamq3@1und1.de,Female,178.215.108.80
941,George,Willis,gwillisq4@networksolutions.com,Male,173.109.167.122
942,Heather,Green,hgreenq5@nba.com,Female,195.161.131.208
943,Kevin,Cox,kcoxq6@aol.com,Male,16.245.88.211
944,George,Taylor,gtaylorq7@cbsnews.com,Male,222.49.121.93
945,Marie,Campbell,mcampbellq8@icq.com,Female,127.84.120.249
946,Betty,Kim,bkimq9@people.com.cn,Female,145.167.96.43
947,Tammy,Grant,tgrantqa@twitter.com,Female,18.68.168.255
948,Howard,Martinez,hmartinezqb@dedecms.com,Male,174.23.133.209
949,Anthony,Ross,arossqc@aol.com,Male,1.121.5.193
950,Frank,Phillips,fphillipsqd@123-reg.co.uk,Male,95.179.201.148
951,Mildred,Nelson,mnelsonqe@opensource.org,Female,3.66.146.160
952,Joyce,Roberts,jrobertsqf@icq.com,Female,202.255.87.164
953,Nicole,Green,ngreenqg@meetup.com,Female,133.225.105.241
954,Joe,Scott,jscottqh@bandcamp.com,Male,63.235.54.140
955,William,King,wkingqi@marketwatch.com,Male,178.30.158.34
956,Jessica,Sullivan,jsullivanqj@statcounter.com,Female,187.7.49.67
957,Joan,Lee,jleeqk@fc2.com,Female,66.214.92.12
958,Shawn,Riley,srileyql@usda.gov,Male,38.193.182.139
959,Christine,Carr,ccarrqm@instagram.com,Female,72.5.84.181
960,Terry,Gilbert,tgilbertqn@google.co.jp,Male,182.11.71.197
961,Kimberly,Tucker,ktuckerqo@apache.org,Female,161.117.123.201
962,Jean,Lee,jleeqp@wordpress.org,Female,44.152.25.158
963,Keith,Owens,kowensqq@google.ru,Male,164.49.208.53
964,Karen,Gray,kgrayqr@mapy.cz,Female,208.184.205.222
965,Kathy,Price,kpriceqs@free.fr,Female,185.170.187.251
966,Laura,Carroll,lcarrollqt@scientificamerican.com,Female,29.20.14.14
967,Antonio,Richardson,arichardsonqu@upenn.edu,Male,121.49.16.151
968,Bonnie,Stevens,bstevensqv@mail.ru,Female,173.20.245.118
969,Jesse,Chavez,jchavezqw@myspace.com,Male,84.187.74.247
970,Tammy,Garcia,tgarciaqx@wikipedia.org,Female,153.132.141.210
971,Brandon,Bowman,bbowmanqy@1688.com,Male,30.231.221.93
972,Helen,Garza,hgarzaqz@bigcartel.com,Female,204.71.152.73
973,Donald,Evans,devansr0@timesonline.co.uk,Male,34.235.146.101
974,Aaron,Holmes,aholmesr1@globo.com,Male,210.107.179.132
975,Ronald,Watson,rwatsonr2@naver.com,Male,135.72.243.78
976,Julie,Snyder,jsnyderr3@who.int,Female,101.37.18.232
977,Matthew,Ruiz,mruizr4@adobe.com,Male,49.45.179.111
978,Christopher,Gomez,cgomezr5@bigcartel.com,Male,64.247.149.233
979,Andrea,Lynch,alynchr6@altervista.org,Female,255.200.99.77
980,Brenda,Stewart,bstewartr7@illinois.edu,Female,247.244.107.153
981,Paula,Willis,pwillisr8@va.gov,Female,175.196.215.56
982,Nicholas,Palmer,npalmerr9@washingtonpost.com,Male,246.45.91.158
983,Scott,Roberts,srobertsra@reference.com,Male,195.216.28.121
984,Paula,Stewart,pstewartrb@opensource.org,Female,3.130.208.194
985,Albert,Martin,amartinrc@google.de,Male,157.224.86.131
986,Sara,Elliott,selliottrd@feedburner.com,Female,45.87.124.105
987,Robert,Porter,rporterre@hexun.com,Male,84.228.82.129
988,Diane,Daniels,ddanielsrf@51.la,Female,64.153.188.15
989,Angela,Holmes,aholmesrg@nsw.gov.au,Female,220.113.238.99
990,Sharon,Sullivan,ssullivanrh@sun.com,Female,68.146.71.64
991,Janice,Sims,jsimsri@deliciousdays.com,Female,107.79.229.66
992,Antonio,Price,apricerj@cnbc.com,Male,179.12.208.213
993,Jacqueline,Edwards,jedwardsrk@imgur.com,Female,115.33.194.238
994,Jean,Marshall,jmarshallrl@surveymonkey.com,Female,67.101.4.34
995,Phillip,Matthews,pmatthewsrm@japanpost.jp,Male,136.54.168.32
996,Diana,Reid,dreidrn@netlog.com,Female,94.208.97.234
997,Wayne,Stone,wstonero@sitemeter.com,Male,122.108.75.100
998,Maria,Richards,mrichardsrp@jalbum.net,Female,22.79.160.191
999,James,Ward,jwardrq@msn.com,Male,125.172.153.199
1000,Diane,Sims,dsimsrr@homestead.com,Female,33.90.83.3
