id,first_name,last_name,email,gender,ip_address
1,Eugene,Jordan,ejordan0@mozilla.com,Male,135.181.55.237
2,Denise,Vasquez,dvasquez1@pbs.org,Female,94.183.166.159
3,Albert,Henry,ahenry2@yellowbook.com,Male,177.30.211.253
4,Raymond,Fox,rfox3@twitpic.com,Male,101.116.61.250
5,Fred,Morris,fmorris4@hugedomains.com,Male,24.120.97.96
6,Billy,Kennedy,bkennedy5@canalblog.com,Male,91.203.76.180
7,Stephen,Johnson,sjohnson6@cpanel.net,Male,209.69.164.147
8,Keith,Ferguson,kferguson7@wiley.com,Male,189.242.204.224
9,Ruth,Reed,rreed8@berkeley.edu,Female,238.51.193.105
10,Phillip,Walker,pwalker9@youku.com,Male,96.157.110.156
11,Susan,Richardson,srichardsona@comsenz.com,Female,127.156.22.12
12,Deborah,Turner,dturnerb@washington.edu,Female,36.68.253.238
13,Kimberly,Graham,kgrahamc@house.gov,Female,111.102.60.110
14,Martin,Rivera,mriverad@oracle.com,Male,135.144.175.198
15,Brenda,Cooper,bcoopere@senate.gov,Female,116.226.9.85
16,Carl,Spencer,cspencerf@indiatimes.com,Male,133.80.185.232
17,Phillip,Lawrence,plawrenceg@discovery.com,Male,114.166.145.80
18,Marilyn,Williamson,mwilliamsonh@soup.io,Female,97.201.31.215
19,Julia,Welch,jwelchi@smugmug.com,Female,248.212.187.157
20,Evelyn,Howell,ehowellj@elpais.com,Female,171.183.118.41
21,Maria,Garrett,mgarrettk@auda.org.au,Female,8.66.110.234
22,Julie,Martinez,jmartinezl@dell.com,Female,119.193.236.32
23,Benjamin,Long,blongm@wp.com,Male,96.59.20.182
24,Theresa,Fisher,tfishern@infoseek.co.jp,Female,103.239.142.223
25,Louis,Dean,ldeano@example.com,Male,115.124.54.140
26,Lois,Dean,ldeanp@infoseek.co.jp,Female,229.33.199.15
27,Scott,Payne,spayneq@cbsnews.com,Male,190.171.95.202
28,Christina,Palmer,cpalmerr@hexun.com,Female,8.159.119.20
29,Laura,Perez,lperezs@berkeley.edu,Female,37.255.128.99
30,Albert,Andrews,aandrewst@ezinearticles.com,Male,13.82.251.49
31,Billy,Castillo,bcastillou@wired.com,Male,34.28.69.14
32,George,Jacobs,gjacobsv@feedburner.com,Male,112.212.42.85
33,Jack,Banks,jbanksw@cmu.edu,Male,2.119.8.136
34,Elizabeth,Perez,eperezx@about.com,Female,80.189.47.191
35,Judith,Wright,jwrighty@purevolume.com,Female,141.25.32.18
36,Martha,Garza,mgarzaz@t-online.de,Female,144.33.119.236
37,Russell,Gray,rgray10@biglobe.ne.jp,Male,42.38.98.129
38,Roy,Hill,rhill11@ebay.com,Male,23.32.26.60
39,Harry,Harvey,hharvey12@baidu.com,Male,73.107.145.4
40,Raymond,Richards,rrichards13@freewebs.com,Male,111.31.118.94
41,Jane,Kennedy,jkennedy14@google.es,Female,252.208.123.66
42,Marilyn,Adams,madams15@fda.gov,Female,183.205.228.110
43,Joe,Turner,jturner16@nyu.edu,Male,218.168.136.61
44,Laura,Gutierrez,lgutierrez17@wunderground.com,Female,110.185.250.136
45,Jesse,Garcia,jgarcia18@apple.com,Male,36.55.81.13
46,Marilyn,Elliott,melliott19@businessinsider.com,Female,9.224.52.106
47,Jeremy,Patterson,jpatterson1a@gizmodo.com,Male,214.128.9.65
48,Wanda,Washington,wwashington1b@chicagotribune.com,Female,82.64.27.105
49,Douglas,Wallace,dwallace1c@printfriendly.com,Male,184.222.134.220
50,Amy,Simpson,asimpson1d@macromedia.com,Female,91.119.222.24
51,Julie,Cunningham,jcunningham1e@ucoz.ru,Female,188.234.189.227
52,Maria,Dean,mdean1f@cnbc.com,Female,57.150.11.132
53,Clarence,Russell,crussell1g@telegraph.co.uk,Male,6.160.172.96
54,Kathryn,Howard,khoward1h@google.es,Female,71.18.1.168
55,Kelly,Baker,kbaker1i@phoca.cz,Female,203.33.204.99
56,Joe,Parker,jparker1j@ebay.com,Male,231.52.234.95
57,Ruth,Weaver,rweaver1k@timesonline.co.uk,Female,184.37.129.251
58,Kimberly,Thompson,kthompson1l@meetup.com,Female,22.33.141.149
59,Frances,Gardner,fgardner1m@dropbox.com,Female,231.250.119.66
60,Bruce,Young,byoung1n@accuweather.com,Male,103.170.54.233
61,Philip,Berry,pberry1o@feedburner.com,Male,250.73.130.221
62,Sharon,Coleman,scoleman1p@istockphoto.com,Female,130.211.189.86
63,Julie,Matthews,jmatthews1q@admin.ch,Female,22.83.39.77
64,Keith,Greene,kgreene1r@census.gov,Male,189.93.155.160
65,Joan,Marshall,jmarshall1s@discuz.net,Female,124.88.211.117
66,John,Cruz,jcruz1t@yandex.ru,Male,226.76.211.36
67,Victor,Ruiz,vruiz1u@tmall.com,Male,69.78.24.35
68,Michelle,Long,mlong1v@netlog.com,Female,209.12.104.64
69,Marilyn,Tucker,mtucker1w@last.fm,Female,79.170.85.71
70,Rachel,Stanley,rstanley1x@ftc.gov,Female,220.38.9.218
71,James,Patterson,jpatterson1y@noaa.gov,Male,66.181.110.247
72,Louise,Gonzalez,lgonzalez1z@bloglines.com,Female,14.114.230.19
73,Virginia,Burke,vburke20@stumbleupon.com,Female,136.105.245.182
74,Peter,Taylor,ptaylor21@epa.gov,Male,181.160.37.49
75,Donna,Owens,dowens22@mit.edu,Female,29.176.78.252
76,Anna,Hicks,ahicks23@1688.com,Female,228.58.210.44
77,Kimberly,Henderson,khenderson24@latimes.com,Female,81.68.235.96
78,Phyllis,Garcia,pgarcia25@nature.com,Female,52.4.79.204
79,Michael,Hudson,mhudson26@cisco.com,Male,173.33.8.122
80,Teresa,Sims,tsims27@ed.gov,Female,182.149.57.112
81,Joseph,Hayes,jhayes28@springer.com,Male,71.197.38.195
82,Victor,Robertson,vrobertson29@privacy.gov.au,Male,40.244.147.40
83,Paula,Clark,pclark2a@google.co.jp,Female,204.109.235.236
84,Ruby,Boyd,rboyd2b@biblegateway.com,Female,133.98.151.208
85,Heather,Harvey,hharvey2c@foxnews.com,Female,101.103.88.209
86,Joseph,Black,jblack2d@bravesites.com,Male,133.62.191.35
87,Richard,Fuller,rfuller2e@mapy.cz,Male,184.36.213.25
88,Victor,Williamson,vwilliamson2f@ameblo.jp,Male,59.224.226.108
89,Peter,Murphy,pmurphy2g@blogger.com,Male,212.8.67.52
90,Justin,Davis,jdavis2h@nydailynews.com,Male,30.65.149.90
91,Thomas,Nichols,tnichols2i@geocities.jp,Male,50.211.28.145
92,Juan,Hudson,jhudson2j@privacy.gov.au,Male,35.87.150.34
93,Christine,Henderson,chenderson2k@ft.com,Female,142.253.152.202
94,Sharon,Reynolds,sreynolds2l@over-blog.com,Female,254.61.60.199
95,Sharon,Long,slong2m@hao123.com,Female,181.122.210.158
96,Jonathan,Harper,jharper2n@businesswire.com,Male,238.69.5.245
97,Jennifer,Wagner,jwagner2o@oaic.gov.au,Female,22.51.166.12
98,Andrea,Arnold,aarnold2p@tumblr.com,Female,162.238.144.233
99,Sharon,Hansen,shansen2q@amazonaws.com,Female,209.183.206.105
100,Paula,Murray,pmurray2r@dagondesign.com,Female,46.156.198.39
101,Helen,Montgomery,hmontgomery2s@booking.com,Female,116.55.180.134
102,Emily,Meyer,emeyer2t@state.tx.us,Female,5.156.87.134
103,Cynthia,Richards,crichards2u@networkadvertising.org,Female,240.243.234.160
104,Laura,Spencer,lspencer2v@hubpages.com,Female,187.135.68.77
105,Douglas,Harrison,dharrison2w@epa.gov,Male,40.200.1.161
106,Rachel,Gilbert,rgilbert2x@comsenz.com,Female,55.32.65.243
107,Phyllis,Campbell,pcampbell2y@ehow.com,Female,200.179.129.225
108,Carol,Bell,cbell2z@webnode.com,Female,148.207.149.9
109,Philip,Scott,pscott30@last.fm,Male,173.149.106.229
110,Steve,Allen,sallen31@telegraph.co.uk,Male,165.0.29.150
111,Patrick,Taylor,ptaylor32@google.com.au,Male,165.183.171.51
112,Charles,Wagner,cwagner33@census.gov,Male,73.21.102.224
113,Catherine,Perkins,cperkins34@bravesites.com,Female,163.149.22.172
114,Alice,Moore,amoore35@printfriendly.com,Female,27.14.181.37
115,Irene,Ryan,iryan36@themeforest.net,Female,7.92.87.125
116,Ernest,Alexander,ealexander37@tamu.edu,Male,210.109.236.143
117,Paul,Wood,pwood38@nasa.gov,Male,25.45.137.86
118,David,Ryan,dryan39@t.co,Male,237.149.120.40
119,Jimmy,Adams,jadams3a@alibaba.com,Male,252.247.2.182
120,Benjamin,Porter,bporter3b@rediff.com,Male,78.65.51.179
121,Michael,Bishop,mbishop3c@hhs.gov,Male,112.134.197.10
122,Gerald,Stephens,gstephens3d@ftc.gov,Male,234.167.222.46
123,Karen,Boyd,kboyd3e@wordpress.com,Female,147.164.246.247
124,Harold,Phillips,hphillips3f@storify.com,Male,44.154.224.56
125,Wayne,Baker,wbaker3g@wp.com,Male,125.121.110.14
126,Shawn,Reid,sreid3h@bravesites.com,Male,158.153.104.22
127,Diane,Green,dgreen3i@fda.gov,Female,117.33.232.146
128,Helen,Richardson,hrichardson3j@nifty.com,Female,24.135.88.216
129,Norma,Diaz,ndiaz3k@yellowbook.com,Female,2.207.239.139
130,Barbara,Wright,bwright3l@psu.edu,Female,185.163.228.176
131,Sean,Bell,sbell3m@ebay.co.uk,Male,120.66.0.127
132,Evelyn,Anderson,eanderson3n@privacy.gov.au,Female,28.78.80.199
133,Christina,Fuller,cfuller3o@so-net.ne.jp,Female,147.123.78.181
134,Larry,Cole,lcole3p@spiegel.de,Male,205.13.178.111
135,Linda,Pierce,lpierce3q@alibaba.com,Female,207.152.146.38
136,Edward,Cunningham,ecunningham3r@rakuten.co.jp,Male,91.245.129.215
137,Teresa,Hawkins,thawkins3s@goodreads.com,Female,82.81.16.155
138,Cheryl,Wheeler,cwheeler3t@ask.com,Female,246.114.59.70
139,Phyllis,Meyer,pmeyer3u@springer.com,Female,188.164.56.224
140,Jacqueline,Payne,jpayne3v@omniture.com,Female,126.203.83.76
141,Joseph,Mcdonald,jmcdonald3w@economist.com,Male,164.7.79.114
142,Eugene,Patterson,epatterson3x@cisco.com,Male,34.223.26.157
143,Daniel,Shaw,dshaw3y@php.net,Male,50.230.180.209
144,Harry,Nichols,hnichols3z@gnu.org,Male,172.83.102.14
145,Christopher,Nguyen,cnguyen40@infoseek.co.jp,Male,111.65.79.30
146,Raymond,Holmes,rholmes41@guardian.co.uk,Male,92.116.102.151
147,Marie,Gutierrez,mgutierrez42@google.com.hk,Female,199.56.113.226
148,Sharon,Grant,sgrant43@irs.gov,Female,136.138.252.14
149,Phyllis,Warren,pwarren44@lycos.com,Female,212.59.20.185
150,Todd,Hernandez,thernandez45@ameblo.jp,Male,2.102.84.35
151,Lois,Ellis,lellis46@biglobe.ne.jp,Female,123.166.40.15
152,Henry,Morris,hmorris47@msu.edu,Male,242.220.83.44
153,Ronald,Washington,rwashington48@mapy.cz,Male,117.234.254.212
154,Antonio,Bailey,abailey49@blog.com,Male,47.192.140.140
155,Carolyn,Kelly,ckelly4a@theatlantic.com,Female,193.218.133.78
156,Ann,Duncan,aduncan4b@godaddy.com,Female,231.242.67.9
157,Albert,Hunt,ahunt4c@ask.com,Male,191.220.80.175
158,Roger,Willis,rwillis4d@army.mil,Male,7.98.87.237
159,Pamela,Graham,pgraham4e@rambler.ru,Female,78.149.223.213
160,Theresa,Adams,tadams4f@geocities.jp,Female,109.163.116.135
161,Craig,Willis,cwillis4g@washingtonpost.com,Male,150.112.170.218
162,Clarence,Kelley,ckelley4h@wsj.com,Male,212.160.255.80
163,Adam,Reid,areid4i@skyrock.com,Male,22.86.104.166
164,Shawn,Lawrence,slawrence4j@mayoclinic.com,Male,21.100.85.112
165,Albert,Lynch,alynch4k@360.cn,Male,43.34.143.120
166,Mark,Romero,mromero4l@netlog.com,Male,44.161.9.247
167,Jesse,Fox,jfox4m@mit.edu,Male,116.126.7.175
168,Andrea,Butler,abutler4n@pcworld.com,Female,52.155.220.217
169,Patricia,Fields,pfields4o@umn.edu,Female,218.130.12.147
170,Brenda,Roberts,broberts4p@eventbrite.com,Female,207.39.231.96
171,Mildred,Lopez,mlopez4q@si.edu,Female,185.240.49.236
172,Donna,Johnston,djohnston4r@163.com,Female,254.204.9.67
173,Harold,Holmes,hholmes4s@facebook.com,Male,89.102.127.52
174,Jason,Hall,jhall4t@marketwatch.com,Male,192.252.32.105
175,Steve,Turner,sturner4u@livejournal.com,Male,123.158.45.186
176,Walter,Stewart,wstewart4v@bing.com,Male,96.145.150.40
177,Marie,Rose,mrose4w@noaa.gov,Female,212.124.99.121
178,Carl,Hayes,chayes4x@msu.edu,Male,121.4.30.63
179,Kelly,Simpson,ksimpson4y@alibaba.com,Female,204.164.17.126
180,Judith,Stone,jstone4z@so-net.ne.jp,Female,200.154.155.60
181,Jason,Lee,jlee50@dailymail.co.uk,Male,51.193.195.17
182,Eric,Franklin,efranklin51@live.com,Male,114.244.90.109
183,Janice,Larson,jlarson52@ibm.com,Female,184.87.31.90
184,Mildred,Stone,mstone53@so-net.ne.jp,Female,51.40.206.230
185,Theresa,Washington,twashington54@booking.com,Female,159.132.178.23
186,Jennifer,Gilbert,jgilbert55@mediafire.com,Female,2.117.206.112
187,Sharon,Garza,sgarza56@histats.com,Female,63.211.55.227
188,Victor,Wood,vwood57@smh.com.au,Male,55.53.213.95
189,Ashley,Bell,abell58@prnewswire.com,Female,42.189.181.117
190,Donald,Carroll,dcarroll59@yale.edu,Male,50.144.181.134
191,Jack,Sims,jsims5a@ca.gov,Male,231.31.255.179
192,Julia,Gonzalez,jgonzalez5b@earthlink.net,Female,132.101.66.238
193,Adam,Sanchez,asanchez5c@flavors.me,Male,159.136.150.178
194,Doris,Rose,drose5d@privacy.gov.au,Female,94.157.150.82
195,Phillip,Ross,pross5e@usa.gov,Male,175.198.124.130
196,Kelly,Robertson,krobertson5f@nps.gov,Female,224.255.252.95
197,Tammy,Hudson,thudson5g@themeforest.net,Female,143.255.248.177
198,Helen,Fowler,hfowler5h@ca.gov,Female,93.192.84.209
199,Rebecca,Mcdonald,rmcdonald5i@webmd.com,Female,190.39.64.229
200,Diana,Hughes,dhughes5j@google.de,Female,74.67.63.225
201,Bruce,Daniels,bdaniels5k@dailymotion.com,Male,144.110.176.88
202,Joe,Andrews,jandrews5l@jiathis.com,Male,99.202.228.96
203,Thomas,Franklin,tfranklin5m@wunderground.com,Male,31.254.202.206
204,Kathy,Jenkins,kjenkins5n@so-net.ne.jp,Female,180.208.155.13
205,Sean,Mitchell,smitchell5o@sitemeter.com,Male,171.133.136.185
206,Heather,Perry,hperry5p@behance.net,Female,89.233.221.189
207,Heather,Snyder,hsnyder5q@hc360.com,Female,28.99.153.44
208,Scott,Willis,swillis5r@hao123.com,Male,179.249.245.236
209,Christina,Gonzalez,cgonzalez5s@reference.com,Female,55.21.242.117
210,Deborah,Reyes,dreyes5t@china.com.cn,Female,195.16.128.150
211,Anthony,Freeman,afreeman5u@blogger.com,Male,38.42.60.66
212,Janice,Hanson,jhanson5v@google.fr,Female,246.232.251.173
213,Ruby,Holmes,rholmes5w@kickstarter.com,Female,151.20.126.12
214,Linda,Woods,lwoods5x@homestead.com,Female,14.132.242.61
215,Paul,Smith,psmith5y@soup.io,Male,124.31.110.221
216,Diana,Barnes,dbarnes5z@shop-pro.jp,Female,167.35.148.8
217,Anna,Greene,agreene60@issuu.com,Female,219.26.129.77
218,Teresa,Bennett,tbennett61@msu.edu,Female,89.130.115.54
219,Donna,Shaw,dshaw62@purevolume.com,Female,148.240.235.12
220,Howard,Welch,hwelch63@seattletimes.com,Male,51.177.246.177
221,Charles,Carroll,ccarroll64@shinystat.com,Male,82.97.198.14
222,Andrea,Diaz,adiaz65@yellowpages.com,Female,61.90.227.180
223,Martin,Carr,mcarr66@wired.com,Male,138.96.104.21
224,Paula,Gilbert,pgilbert67@wsj.com,Female,121.33.214.207
225,Victor,Spencer,vspencer68@vkontakte.ru,Male,152.36.106.33
226,Julia,Duncan,jduncan69@homestead.com,Female,148.68.72.60
227,Maria,Robertson,mrobertson6a@bandcamp.com,Female,189.247.83.252
228,Antonio,Martin,amartin6b@booking.com,Male,15.47.120.174
229,Lori,Smith,lsmith6c@so-net.ne.jp,Female,175.111.64.103
230,Annie,Palmer,apalmer6d@360.cn,Female,184.13.121.141
231,Jose,Miller,jmiller6e@psu.edu,Male,180.53.11.79
232,Beverly,Hill,bhill6f@simplemachines.org,Female,25.210.130.100
233,Donald,Montgomery,dmontgomery6g@utexas.edu,Male,146.197.202.159
234,Russell,Elliott,relliott6h@bandcamp.com,Male,175.31.203.159
235,Jeremy,Perry,jperry6i@craigslist.org,Male,78.83.98.32
236,Lori,Kelly,lkelly6j@spiegel.de,Female,77.242.240.233
237,Jack,Mills,jmills6k@chron.com,Male,85.104.4.89
238,Walter,Hicks,whicks6l@tmall.com,Male,173.166.191.26
239,Fred,Wilson,fwilson6m@soundcloud.com,Male,14.17.27.67
240,Joyce,Ross,jross6n@foxnews.com,Female,212.69.152.79
241,Shirley,Stevens,sstevens6o@so-net.ne.jp,Female,58.20.154.149
242,Earl,Cruz,ecruz6p@ezinearticles.com,Male,88.174.3.27
243,Annie,Woods,awoods6q@ibm.com,Female,126.53.24.193
244,Raymond,Chavez,rchavez6r@microsoft.com,Male,141.182.72.26
245,Bonnie,Brown,bbrown6s@hp.com,Female,209.84.208.98
246,Jennifer,Pierce,jpierce6t@pbs.org,Female,238.189.110.40
247,Angela,Wilson,awilson6u@alibaba.com,Female,237.16.17.99
248,Wanda,Ray,wray6v@google.com.hk,Female,7.200.250.241
249,Lisa,Nichols,lnichols6w@symantec.com,Female,184.72.68.246
250,Sarah,Hanson,shanson6x@newyorker.com,Female,26.170.150.246
251,Paula,Moore,pmoore6y@vimeo.com,Female,136.84.79.0
252,Jennifer,Morrison,jmorrison6z@altervista.org,Female,75.188.174.254
253,Rachel,Bell,rbell70@gnu.org,Female,80.175.78.49
254,Henry,Willis,hwillis71@prweb.com,Male,144.251.204.161
255,Janet,Owens,jowens72@yellowpages.com,Female,43.118.78.104
256,Thomas,Lee,tlee73@addtoany.com,Male,172.157.43.79
257,George,Miller,gmiller74@hibu.com,Male,144.90.248.227
258,Emily,Jacobs,ejacobs75@flavors.me,Female,131.191.153.45
259,Gregory,Holmes,gholmes76@jugem.jp,Male,186.15.116.122
260,Douglas,Lane,dlane77@nifty.com,Male,169.15.157.145
261,Roger,Lee,rlee78@ameblo.jp,Male,102.143.198.19
262,Ashley,Woods,awoods79@miitbeian.gov.cn,Female,20.216.159.41
263,Shawn,Lynch,slynch7a@ebay.com,Male,153.147.73.127
264,William,Henderson,whenderson7b@accuweather.com,Male,245.224.252.239
265,Frank,Kelley,fkelley7c@sphinn.com,Male,83.81.139.169
266,Robert,Spencer,rspencer7d@google.it,Male,54.192.43.99
267,Ernest,Parker,eparker7e@buzzfeed.com,Male,242.179.218.78
268,Janet,Murphy,jmurphy7f@marriott.com,Female,57.70.184.167
269,Roger,Sanders,rsanders7g@stumbleupon.com,Male,67.219.49.236
270,Bobby,Walker,bwalker7h@house.gov,Male,192.154.127.91
271,Bruce,Welch,bwelch7i@slideshare.net,Male,202.198.14.204
272,Cheryl,Matthews,cmatthews7j@boston.com,Female,6.91.32.204
273,Barbara,Gibson,bgibson7k@google.ca,Female,244.19.107.193
274,Julia,Jackson,jjackson7l@purevolume.com,Female,102.55.170.53
275,Victor,Chavez,vchavez7m@nytimes.com,Male,144.41.98.210
276,Lois,Hughes,lhughes7n@slate.com,Female,62.40.72.235
277,Lawrence,Robertson,lrobertson7o@usda.gov,Male,208.135.9.31
278,Elizabeth,Palmer,epalmer7p@drupal.org,Female,158.90.98.220
279,Alan,Gilbert,agilbert7q@github.io,Male,7.137.215.49
280,Judith,Porter,jporter7r@desdev.cn,Female,71.22.218.191
281,Diana,Bell,dbell7s@nih.gov,Female,105.131.43.36
282,Debra,Gomez,dgomez7t@apple.com,Female,126.152.160.104
283,Gregory,Bishop,gbishop7u@hostgator.com,Male,220.46.99.209
284,Christine,Cooper,ccooper7v@nymag.com,Female,145.114.221.165
285,Amy,Lopez,alopez7w@symantec.com,Female,168.98.87.47
286,Heather,Webb,hwebb7x@cmu.edu,Female,140.193.250.144
287,Earl,Gardner,egardner7y@bloglines.com,Male,225.178.164.128
288,Katherine,Gray,kgray7z@i2i.jp,Female,222.150.252.62
289,Ralph,Young,ryoung80@exblog.jp,Male,129.151.43.23
290,Henry,Dean,hdean81@linkedin.com,Male,6.233.142.130
291,Bobby,Tucker,btucker82@rakuten.co.jp,Male,224.185.78.250
292,Joe,Hanson,jhanson83@pcworld.com,Male,246.139.169.146
293,Lisa,Hansen,lhansen84@census.gov,Female,171.140.85.208
294,Howard,Ortiz,hortiz85@bbc.co.uk,Male,58.200.249.43
295,Harry,Ortiz,hortiz86@4shared.com,Male,62.52.32.36
296,Nicholas,Garrett,ngarrett87@mozilla.com,Male,54.208.196.194
297,Robin,Dixon,rdixon88@a8.net,Female,141.184.50.128
298,Kimberly,Ryan,kryan89@parallels.com,Female,211.146.213.38
299,Robert,Pierce,rpierce8a@java.com,Male,171.249.140.75
300,Joyce,Mitchell,jmitchell8b@a8.net,Female,200.84.43.103
301,Billy,Peterson,bpeterson8c@netscape.com,Male,94.9.143.73
302,Wayne,Lewis,wlewis8d@pbs.org,Male,207.212.148.37
303,Willie,Peters,wpeters8e@apple.com,Male,107.77.30.148
304,Sean,Hall,shall8f@flickr.com,Male,84.204.208.203
305,Fred,Vasquez,fvasquez8g@twitpic.com,Male,199.80.12.154
306,Adam,Edwards,aedwards8h@abc.net.au,Male,166.91.230.7
307,Margaret,Wagner,mwagner8i@sphinn.com,Female,241.121.146.7
308,Diana,Rose,drose8j@nba.com,Female,132.216.205.170
309,Ann,Hernandez,ahernandez8k@studiopress.com,Female,210.30.171.122
310,Martin,Wilson,mwilson8l@edublogs.org,Male,93.189.10.46
311,Fred,Brown,fbrown8m@pcworld.com,Male,158.90.22.208
312,Fred,Wells,fwells8n@utexas.edu,Male,121.116.180.128
313,Lisa,Taylor,ltaylor8o@geocities.jp,Female,191.44.12.46
314,Mark,Pierce,mpierce8p@jiathis.com,Male,35.185.20.186
315,Emily,Sullivan,esullivan8q@cmu.edu,Female,22.85.104.31
316,Dorothy,Ortiz,dortiz8r@answers.com,Female,107.146.167.8
317,Albert,Ruiz,aruiz8s@si.edu,Male,214.245.153.159
318,Jerry,Hayes,jhayes8t@yahoo.co.jp,Male,40.2.46.215
319,Laura,Wood,lwood8u@wikispaces.com,Female,154.141.80.151
320,Arthur,Graham,agraham8v@mit.edu,Male,136.197.107.172
321,Gregory,Johnson,gjohnson8w@bbb.org,Male,175.73.62.125
322,Gerald,Marshall,gmarshall8x@cloudflare.com,Male,185.201.175.227
323,Mildred,Ortiz,mortiz8y@hud.gov,Female,214.29.199.55
324,Robert,Gray,rgray8z@irs.gov,Male,246.152.205.177
325,Anne,Oliver,aoliver90@icio.us,Female,120.188.199.47
326,James,Griffin,jgriffin91@163.com,Male,132.38.162.239
327,Debra,Mills,dmills92@youtube.com,Female,165.117.238.2
328,Andrew,Hicks,ahicks93@networkadvertising.org,Male,101.24.112.24
329,Jeremy,White,jwhite94@newyorker.com,Male,65.102.169.237
330,Ruth,Palmer,rpalmer95@examiner.com,Female,227.133.97.146
331,Eugene,Bradley,ebradley96@newsvine.com,Male,174.53.182.231
332,Anne,Mcdonald,amcdonald97@fema.gov,Female,53.175.53.214
333,Kelly,Kennedy,kkennedy98@sohu.com,Female,236.186.170.193
334,Paula,Larson,plarson99@yandex.ru,Female,90.98.234.102
335,Betty,Nichols,bnichols9a@upenn.edu,Female,56.195.154.33
336,Frank,Hill,fhill9b@google.nl,Male,254.154.146.214
337,Jessica,Kennedy,jkennedy9c@mozilla.com,Female,115.63.35.56
338,Teresa,Johnston,tjohnston9d@pbs.org,Female,16.42.151.142
339,Eugene,Owens,eowens9e@newyorker.com,Male,134.235.137.198
340,Emily,Willis,ewillis9f@usnews.com,Female,214.188.48.14
341,Gregory,Anderson,ganderson9g@newyorker.com,Male,61.56.232.28
342,Richard,Davis,rdavis9h@skype.com,Male,168.134.26.119
343,Alan,Griffin,agriffin9i@accuweather.com,Male,132.78.238.141
344,Deborah,Owens,dowens9j@gnu.org,Female,137.147.128.195
345,Robin,Rogers,rrogers9k@oracle.com,Female,126.254.106.44
346,Maria,Phillips,mphillips9l@wordpress.com,Female,2.114.210.187
347,Jeremy,Garza,jgarza9m@dmoz.org,Male,101.127.185.226
348,Bruce,Harris,bharris9n@wisc.edu,Male,199.103.197.38
349,Bobby,Burns,bburns9o@msn.com,Male,132.22.118.207
350,Jimmy,Harvey,jharvey9p@wufoo.com,Male,16.31.157.90
351,Linda,Graham,lgraham9q@skyrock.com,Female,208.43.89.44
352,Kathryn,Weaver,kweaver9r@amazonaws.com,Female,149.45.94.154
353,Anne,Green,agreen9s@elegantthemes.com,Female,242.188.8.233
354,Kenneth,Williamson,kwilliamson9t@constantcontact.com,Male,112.233.108.140
355,David,Anderson,danderson9u@abc.net.au,Male,169.185.133.192
356,Adam,Fowler,afowler9v@symantec.com,Male,254.35.70.181
357,Mary,Bishop,mbishop9w@purevolume.com,Female,158.243.105.115
358,Russell,Reid,rreid9x@dot.gov,Male,94.252.201.215
359,Evelyn,Barnes,ebarnes9y@virginia.edu,Female,146.143.178.176
360,Thomas,Young,tyoung9z@geocities.com,Male,116.95.26.245
361,Ernest,Williamson,ewilliamsona0@wisc.edu,Male,191.25.217.183
362,Albert,Andrews,aandrewsa1@umn.edu,Male,232.153.4.105
363,Kevin,Peterson,kpetersona2@amazon.co.uk,Male,237.2.45.6
364,Julia,Fuller,jfullera3@gmpg.org,Female,125.110.225.247
365,Kathryn,Riley,krileya4@nih.gov,Female,141.162.97.66
366,Larry,Thomas,lthomasa5@slate.com,Male,207.79.67.156
367,Christine,Campbell,ccampbella6@wunderground.com,Female,134.113.242.3
368,Jimmy,Ruiz,jruiza7@wikimedia.org,Male,219.132.72.186
369,Jason,Hanson,jhansona8@smugmug.com,Male,78.249.156.243
370,James,Walker,jwalkera9@sciencedirect.com,Male,58.185.63.179
371,Jose,Woods,jwoodsaa@freewebs.com,Male,29.133.18.232
372,Charles,Sanders,csandersab@prweb.com,Male,72.53.117.45
373,Debra,Ford,dfordac@ted.com,Female,52.53.88.121
374,Ernest,Berry,eberryad@ca.gov,Male,54.126.117.225
375,Craig,Henderson,chendersonae@npr.org,Male,246.240.254.122
376,Ann,Gray,agrayaf@51.la,Female,242.94.184.47
377,Virginia,Allen,vallenag@google.co.uk,Female,35.126.225.204
378,William,Anderson,wandersonah@amazon.de,Male,32.183.128.44
379,Diana,Shaw,dshawai@unicef.org,Female,237.77.181.149
380,Kathleen,Porter,kporteraj@shutterfly.com,Female,202.23.84.5
381,Betty,Howell,bhowellak@about.com,Female,49.110.177.222
382,Earl,Hansen,ehansenal@berkeley.edu,Male,254.241.149.150
383,Henry,Peterson,hpetersonam@squarespace.com,Male,183.143.7.188
384,Edward,Hansen,ehansenan@wiley.com,Male,230.77.15.205
385,Evelyn,Moore,emooreao@meetup.com,Female,237.42.77.132
386,Gerald,Fisher,gfisherap@jigsy.com,Male,146.236.5.162
387,Sara,Gordon,sgordonaq@yahoo.com,Female,168.224.130.73
388,Clarence,Fields,cfieldsar@ustream.tv,Male,255.146.221.130
389,Angela,Arnold,aarnoldas@nhs.uk,Female,40.90.55.139
390,Sean,Elliott,selliottat@scientificamerican.com,Male,77.226.8.24
391,Jesse,Matthews,jmatthewsau@scribd.com,Male,0.91.145.47
392,Margaret,Wood,mwoodav@weather.com,Female,137.185.10.31
393,Robert,Austin,raustinaw@google.it,Male,82.144.218.105
394,Benjamin,Vasquez,bvasquezax@nasa.gov,Male,145.119.70.105
395,Irene,Ward,iwarday@ucoz.com,Female,101.132.209.7
396,Martha,Gordon,mgordonaz@sciencedaily.com,Female,104.168.4.150
397,Martha,Foster,mfosterb0@sogou.com,Female,138.181.55.213
398,Ernest,Peterson,epetersonb1@digg.com,Male,65.159.5.254
399,Roy,Ortiz,rortizb2@ted.com,Male,112.134.48.84
400,Earl,Fox,efoxb3@earthlink.net,Male,134.152.107.151
401,Robin,Sims,rsimsb4@ox.ac.uk,Female,150.154.173.75
402,Earl,Roberts,erobertsb5@vinaora.com,Male,118.228.186.81
403,Lawrence,Simpson,lsimpsonb6@netscape.com,Male,66.129.230.210
404,Todd,Ferguson,tfergusonb7@kickstarter.com,Male,51.97.20.143
405,Diane,Ruiz,druizb8@parallels.com,Female,242.51.110.107
406,Martin,West,mwestb9@netscape.com,Male,175.65.221.24
407,Anne,Johnston,ajohnstonba@dropbox.com,Female,190.62.56.213
408,Ryan,Gutierrez,rgutierrezbb@wikispaces.com,Male,46.13.141.154
409,Linda,Chavez,lchavezbc@intel.com,Female,140.255.22.22
410,Janet,Washington,jwashingtonbd@twitpic.com,Female,67.38.100.161
411,Brian,Gutierrez,bgutierrezbe@upenn.edu,Male,43.54.98.83
412,Patrick,Turner,pturnerbf@goo.ne.jp,Male,122.106.89.172
413,Fred,Marshall,fmarshallbg@google.fr,Male,212.212.24.19
414,Kathleen,Bennett,kbennettbh@wikispaces.com,Female,102.181.249.60
415,Judy,White,jwhitebi@google.it,Female,133.170.248.63
416,Antonio,Campbell,acampbellbj@nydailynews.com,Male,119.90.206.103
417,Elizabeth,Hansen,ehansenbk@cnbc.com,Female,13.224.254.155
418,Gloria,Vasquez,gvasquezbl@trellian.com,Female,28.8.77.1
419,Joshua,Patterson,jpattersonbm@1688.com,Male,157.169.66.176
420,Carolyn,Flores,cfloresbn@census.gov,Female,50.212.101.245
421,Maria,Frazier,mfrazierbo@shareasale.com,Female,187.18.99.117
422,Michelle,Duncan,mduncanbp@usgs.gov,Female,196.229.79.12
423,Ronald,Harrison,rharrisonbq@smh.com.au,Male,98.211.47.54
424,Patrick,Sullivan,psullivanbr@ow.ly,Male,94.121.103.82
425,John,Bradley,jbradleybs@amazon.co.uk,Male,11.234.18.70
426,Ruth,Rivera,rriverabt@reuters.com,Female,11.185.65.143
427,Willie,Ward,wwardbu@mozilla.org,Male,184.202.38.152
428,Kenneth,Cruz,kcruzbv@taobao.com,Male,189.36.224.70
429,Benjamin,Montgomery,bmontgomerybw@mapy.cz,Male,58.255.207.234
430,Fred,Morales,fmoralesbx@phpbb.com,Male,180.228.107.154
431,Clarence,Clark,cclarkby@virginia.edu,Male,141.230.99.118
432,Norma,Rivera,nriverabz@linkedin.com,Female,106.38.49.60
433,Ruby,Howell,rhowellc0@usda.gov,Female,208.165.36.222
434,Bruce,Payne,bpaynec1@accuweather.com,Male,37.253.100.24
435,Bruce,Bowman,bbowmanc2@acquirethisname.com,Male,55.56.163.229
436,Julie,Ward,jwardc3@sourceforge.net,Female,185.190.237.134
437,Craig,Frazier,cfrazierc4@paypal.com,Male,111.86.219.19
438,Juan,Johnson,jjohnsonc5@instagram.com,Male,85.155.246.57
439,Jonathan,Mcdonald,jmcdonaldc6@dedecms.com,Male,116.53.3.160
440,Doris,Rice,dricec7@accuweather.com,Female,144.234.42.219
441,Andrea,Hayes,ahayesc8@jugem.jp,Female,89.30.119.123
442,Thomas,Evans,tevansc9@netlog.com,Male,229.165.98.122
443,Todd,Burns,tburnsca@oaic.gov.au,Male,6.208.214.181
444,Carolyn,Lane,clanecb@1und1.de,Female,63.156.249.213
445,Marilyn,Gilbert,mgilbertcc@unesco.org,Female,25.86.179.146
446,Joan,Brooks,jbrookscd@trellian.com,Female,240.239.222.82
447,Helen,Fields,hfieldsce@nasa.gov,Female,223.216.225.191
448,Peter,Watson,pwatsoncf@a8.net,Male,33.108.30.100
449,Frank,Brooks,fbrookscg@mozilla.org,Male,187.37.218.253
450,Jeffrey,Hicks,jhicksch@typepad.com,Male,83.40.163.184
451,Jesse,Barnes,jbarnesci@cdbaby.com,Male,152.233.112.250
452,Julia,Lawson,jlawsoncj@princeton.edu,Female,92.35.144.21
453,George,Woods,gwoodsck@dell.com,Male,167.184.254.183
454,Sarah,Stephens,sstephenscl@ted.com,Female,27.47.84.160
455,Janet,Smith,jsmithcm@google.de,Female,187.217.195.127
456,Steven,Ortiz,sortizcn@behance.net,Male,206.162.84.30
457,Judith,Gibson,jgibsonco@vk.com,Female,140.93.228.175
458,Judith,Harris,jharriscp@oracle.com,Female,251.67.71.33
459,Tina,Powell,tpowellcq@japanpost.jp,Female,208.186.196.157
460,Phillip,Johnson,pjohnsoncr@craigslist.org,Male,3.86.177.60
461,Ralph,Fields,rfieldscs@skype.com,Male,195.188.69.61
462,Donald,Richards,drichardsct@jugem.jp,Male,251.250.112.241
463,Tammy,Murray,tmurraycu@fda.gov,Female,144.152.244.164
464,Bobby,King,bkingcv@kickstarter.com,Male,15.23.23.249
465,Ashley,Carpenter,acarpentercw@mac.com,Female,31.252.247.97
466,Margaret,Morris,mmorriscx@seattletimes.com,Female,107.23.180.213
467,Emily,Fernandez,efernandezcy@zimbio.com,Female,84.11.94.194
468,Ashley,Harris,aharriscz@businesswire.com,Female,15.233.107.99
469,Deborah,Brown,dbrownd0@cdc.gov,Female,205.195.95.163
470,Angela,Hudson,ahudsond1@dmoz.org,Female,211.158.204.139
471,Patricia,Fernandez,pfernandezd2@tuttocitta.it,Female,172.226.123.112
472,Kathleen,Martin,kmartind3@uiuc.edu,Female,42.47.246.1
473,Patrick,Lane,planed4@wordpress.org,Male,243.253.0.8
474,Donald,Richardson,drichardsond5@wordpress.com,Male,180.164.39.171
475,Barbara,Rivera,briverad6@tinypic.com,Female,162.13.180.192
476,Terry,Black,tblackd7@123-reg.co.uk,Male,80.116.238.129
477,Michael,Wheeler,mwheelerd8@buzzfeed.com,Male,60.152.188.235
478,Peter,Smith,psmithd9@va.gov,Male,212.24.37.172
479,Patricia,Crawford,pcrawfordda@accuweather.com,Female,187.102.29.233
480,Helen,Young,hyoungdb@eepurl.com,Female,50.222.46.121
481,Sandra,Sanders,ssandersdc@dyndns.org,Female,44.26.119.75
482,Angela,Diaz,adiazdd@stumbleupon.com,Female,116.200.28.249
483,Fred,Matthews,fmatthewsde@amazonaws.com,Male,221.203.181.242
484,Albert,Peters,apetersdf@va.gov,Male,250.94.54.193
485,Richard,Rodriguez,rrodriguezdg@fc2.com,Male,139.239.115.12
486,Rose,Hicks,rhicksdh@topsy.com,Female,161.38.120.102
487,Harold,Garza,hgarzadi@cyberchimps.com,Male,241.192.221.159
488,Anna,Bradley,abradleydj@booking.com,Female,134.92.111.192
489,Alice,Olson,aolsondk@noaa.gov,Female,174.188.196.40
490,Rachel,Hill,rhilldl@merriam-webster.com,Female,80.56.249.178
491,Todd,Hayes,thayesdm@netlog.com,Male,56.143.109.89
492,Gerald,Dunn,gdunndn@desdev.cn,Male,213.254.26.173
493,Virginia,Crawford,vcrawforddo@wunderground.com,Female,248.86.133.251
494,Bonnie,Bryant,bbryantdp@icio.us,Female,49.160.226.241
495,Charles,Gomez,cgomezdq@studiopress.com,Male,224.232.118.67
496,Roy,Hicks,rhicksdr@simplemachines.org,Male,42.182.227.53
497,Denise,Gray,dgrayds@europa.eu,Female,238.85.123.188
498,Samuel,Hudson,shudsondt@mashable.com,Male,82.37.11.118
499,Pamela,Harper,pharperdu@storify.com,Female,179.37.66.80
500,Shirley,Dean,sdeandv@nifty.com,Female,99.234.123.22
501,Jerry,Mcdonald,jmcdonalddw@joomla.org,Male,154.232.165.44
502,Betty,Moore,bmooredx@vistaprint.com,Female,41.212.100.119
503,Rose,Wheeler,rwheelerdy@dmoz.org,Female,231.63.100.94
504,Timothy,Ramirez,tramirezdz@census.gov,Male,34.231.204.129
505,Carl,Flores,cflorese0@a8.net,Male,216.47.72.72
506,Bonnie,Romero,bromeroe1@instagram.com,Female,60.28.187.168
507,Robin,Bowman,rbowmane2@japanpost.jp,Female,104.203.58.234
508,George,Jones,gjonese3@studiopress.com,Male,174.109.127.217
509,Kimberly,Mills,kmillse4@telegraph.co.uk,Female,94.137.174.192
510,Ernest,Burns,eburnse5@moonfruit.com,Male,48.130.18.64
511,Carolyn,Jenkins,cjenkinse6@jugem.jp,Female,118.179.11.13
512,Philip,Ward,pwarde7@prnewswire.com,Male,154.87.75.132
513,Robin,Franklin,rfrankline8@earthlink.net,Female,44.0.156.10
514,Elizabeth,Little,elittlee9@elpais.com,Female,29.77.115.149
515,Janice,Owens,jowensea@moonfruit.com,Female,224.50.217.162
516,Marilyn,Larson,mlarsoneb@npr.org,Female,158.95.107.128
517,Ralph,Martinez,rmartinezec@bbb.org,Male,171.228.146.229
518,William,Gray,wgrayed@phpbb.com,Male,158.18.110.90
519,Marie,Ellis,mellisee@alibaba.com,Female,182.202.82.173
520,Charles,Hernandez,chernandezef@goo.ne.jp,Male,1.92.144.102
521,Jacqueline,Moreno,jmorenoeg@marriott.com,Female,187.142.127.215
522,Paul,Butler,pbutlereh@oracle.com,Male,84.65.234.182
523,Denise,Sullivan,dsullivanei@ucla.edu,Female,124.217.2.81
524,Gloria,Daniels,gdanielsej@unblog.fr,Female,65.223.34.129
525,Nicole,Wheeler,nwheelerek@lycos.com,Female,47.203.184.48
526,Wayne,Oliver,woliverel@hostgator.com,Male,125.159.209.40
527,Jennifer,Chavez,jchavezem@moonfruit.com,Female,160.45.151.165
528,Paul,Martin,pmartinen@nbcnews.com,Male,169.126.225.186
529,David,Coleman,dcolemaneo@lulu.com,Male,209.37.177.209
530,Edward,Allen,eallenep@reddit.com,Male,212.10.244.222
531,Debra,Elliott,delliotteq@networkadvertising.org,Female,27.119.217.112
532,Antonio,Watkins,awatkinser@unc.edu,Male,242.255.162.53
533,Louis,Turner,lturneres@typepad.com,Male,235.227.63.64
534,Edward,Jackson,ejacksonet@reverbnation.com,Male,115.101.83.74
535,Roger,Duncan,rduncaneu@shutterfly.com,Male,106.141.32.103
536,Joan,Marshall,jmarshallev@plala.or.jp,Female,59.66.40.6
537,Christopher,Bowman,cbowmanew@homestead.com,Male,95.188.191.114
538,Gerald,Fernandez,gfernandezex@mit.edu,Male,6.54.97.167
539,Wanda,Hunter,whunterey@bloglines.com,Female,182.25.225.197
540,Ryan,Williams,rwilliamsez@weibo.com,Male,203.113.4.58
541,Carol,Marshall,cmarshallf0@youku.com,Female,167.81.163.70
542,Amy,Perkins,aperkinsf1@behance.net,Female,154.199.114.130
543,Katherine,Harrison,kharrisonf2@goo.gl,Female,150.135.92.34
544,Victor,Holmes,vholmesf3@over-blog.com,Male,218.65.198.113
545,Fred,Ellis,fellisf4@fema.gov,Male,210.154.112.172
546,Michael,Matthews,mmatthewsf5@sphinn.com,Male,113.124.162.81
547,Gloria,Romero,gromerof6@artisteer.com,Female,23.133.31.210
548,Chris,Day,cdayf7@sina.com.cn,Male,193.63.50.182
549,Walter,Hawkins,whawkinsf8@angelfire.com,Male,91.169.234.181
550,Linda,Henderson,lhendersonf9@mac.com,Female,33.68.213.75
551,Maria,Palmer,mpalmerfa@quantcast.com,Female,93.82.214.173
552,Beverly,Hunt,bhuntfb@apple.com,Female,234.82.70.213
553,Rose,Mason,rmasonfc@soundcloud.com,Female,188.126.127.77
554,Christine,Walker,cwalkerfd@xing.com,Female,211.195.114.179
555,Jessica,Perez,jperezfe@fastcompany.com,Female,28.37.197.99
556,Stephen,Fields,sfieldsff@intel.com,Male,166.114.23.18
557,Evelyn,Morris,emorrisfg@exblog.jp,Female,241.41.235.176
558,Randy,Campbell,rcampbellfh@microsoft.com,Male,1.0.195.182
559,Mark,Lane,mlanefi@disqus.com,Male,19.252.22.92
560,Doris,Reynolds,dreynoldsfj@goo.gl,Female,207.31.73.77
561,Patrick,Hicks,phicksfk@indiatimes.com,Male,154.78.43.110
562,Robin,Oliver,roliverfl@godaddy.com,Female,200.19.96.24
563,Alice,Gomez,agomezfm@delicious.com,Female,17.255.44.35
564,Walter,Stanley,wstanleyfn@nps.gov,Male,97.42.9.130
565,Brandon,Young,byoungfo@cnet.com,Male,44.145.19.126
566,Elizabeth,Weaver,eweaverfp@census.gov,Female,178.152.17.14
567,Louise,Harrison,lharrisonfq@ifeng.com,Female,66.14.197.14
568,Nicholas,Webb,nwebbfr@pen.io,Male,92.186.195.191
569,Kevin,Carr,kcarrfs@bluehost.com,Male,246.30.148.237
570,Jack,Wilson,jwilsonft@angelfire.com,Male,190.211.83.142
571,Wayne,Chapman,wchapmanfu@state.gov,Male,195.193.204.248
572,Gerald,Wood,gwoodfv@wufoo.com,Male,99.20.184.104
573,Clarence,Lopez,clopezfw@google.fr,Male,174.249.131.174
574,Diana,Lawson,dlawsonfx@google.com.au,Female,126.35.29.57
575,Antonio,Mendoza,amendozafy@drupal.org,Male,40.51.114.29
576,Heather,James,hjamesfz@soundcloud.com,Female,70.50.111.176
577,Catherine,Kim,ckimg0@sun.com,Female,122.194.241.19
578,Margaret,Greene,mgreeneg1@qq.com,Female,52.211.63.73
579,Pamela,Jenkins,pjenkinsg2@craigslist.org,Female,94.216.220.36
580,Diana,Fox,dfoxg3@slideshare.net,Female,54.18.232.48
581,Lawrence,Mcdonald,lmcdonaldg4@bloglines.com,Male,82.99.99.83
582,Frank,Flores,ffloresg5@ted.com,Male,51.62.88.25
583,Jose,Alvarez,jalvarezg6@wix.com,Male,22.54.215.212
584,Judith,Harvey,jharveyg7@amazon.co.uk,Female,150.49.82.117
585,Earl,Ellis,eellisg8@diigo.com,Male,190.92.94.168
586,Heather,Fuller,hfullerg9@nhs.uk,Female,159.53.221.141
587,Patrick,Ryan,pryanga@simplemachines.org,Male,107.206.193.244
588,Joshua,Hill,jhillgb@symantec.com,Male,239.13.56.50
589,Ashley,Bell,abellgc@arstechnica.com,Female,85.120.126.240
590,Diane,Bryant,dbryantgd@chron.com,Female,73.10.108.68
591,Bobby,Grant,bgrantge@house.gov,Male,208.146.53.202
592,Martha,Taylor,mtaylorgf@umn.edu,Female,252.1.212.63
593,Ruby,Hall,rhallgg@tiny.cc,Female,185.44.124.238
594,Theresa,Moore,tmooregh@devhub.com,Female,191.118.53.215
595,Martha,Bishop,mbishopgi@slate.com,Female,98.81.167.228
596,Gary,Lane,glanegj@slideshare.net,Male,84.94.19.54
597,Jeremy,Barnes,jbarnesgk@xinhuanet.com,Male,189.242.59.42
598,Sean,Burton,sburtongl@goo.gl,Male,215.160.16.222
599,Ann,Spencer,aspencergm@stanford.edu,Female,54.95.155.119
600,Kathryn,Reyes,kreyesgn@constantcontact.com,Female,228.193.71.205
601,Henry,Griffin,hgriffingo@indiegogo.com,Male,203.66.221.153
602,Melissa,Elliott,melliottgp@tripod.com,Female,133.37.212.84
603,Gloria,Welch,gwelchgq@sfgate.com,Female,137.13.155.129
604,Ronald,Sanchez,rsanchezgr@i2i.jp,Male,169.114.135.234
605,Teresa,West,twestgs@dailymail.co.uk,Female,79.29.93.197
606,Dennis,Gutierrez,dgutierrezgt@instagram.com,Male,56.113.242.219
607,Kathryn,Patterson,kpattersongu@goo.ne.jp,Female,208.91.243.178
608,Victor,Griffin,vgriffingv@cpanel.net,Male,144.248.213.57
609,Irene,Mccoy,imccoygw@trellian.com,Female,246.163.187.84
610,Roy,Jacobs,rjacobsgx@networkadvertising.org,Male,17.206.82.106
611,Jose,Bryant,jbryantgy@fotki.com,Male,35.204.238.60
612,Annie,Ferguson,afergusongz@abc.net.au,Female,253.105.250.67
613,Harold,Riley,hrileyh0@latimes.com,Male,240.255.178.138
614,Wanda,Meyer,wmeyerh1@wiley.com,Female,119.22.56.38
615,Paula,Weaver,pweaverh2@biglobe.ne.jp,Female,101.80.100.67
616,Jack,Hall,jhallh3@miitbeian.gov.cn,Male,209.6.94.68
617,John,Frazier,jfrazierh4@wp.com,Male,30.228.210.153
618,Daniel,Campbell,dcampbellh5@ebay.co.uk,Male,48.64.86.56
619,Barbara,Pierce,bpierceh6@so-net.ne.jp,Female,125.13.174.66
620,Juan,Berry,jberryh7@pinterest.com,Male,135.27.182.228
621,Jean,Phillips,jphillipsh8@fastcompany.com,Female,86.5.211.233
622,Margaret,Berry,mberryh9@google.fr,Female,100.53.129.192
623,Jacqueline,Jacobs,jjacobsha@gmpg.org,Female,10.195.230.140
624,Joe,Bryant,jbryanthb@pagesperso-orange.fr,Male,161.35.55.135
625,Ernest,Parker,eparkerhc@state.gov,Male,107.214.113.185
626,Ronald,Lane,rlanehd@over-blog.com,Male,198.18.222.169
627,Russell,Campbell,rcampbellhe@wikimedia.org,Male,140.224.135.175
628,Rose,Andrews,randrewshf@homestead.com,Female,222.95.81.121
629,Scott,Mason,smasonhg@quantcast.com,Male,12.27.140.216
630,Frances,Morales,fmoraleshh@cdc.gov,Female,132.92.197.234
631,Terry,Harper,tharperhi@nature.com,Male,81.90.84.161
632,Dorothy,Morrison,dmorrisonhj@artisteer.com,Female,252.126.212.95
633,Eugene,Rodriguez,erodriguezhk@wunderground.com,Male,228.243.20.196
634,Margaret,Weaver,mweaverhl@amazon.com,Female,60.239.133.224
635,Annie,Adams,aadamshm@qq.com,Female,24.246.15.108
636,Henry,Brown,hbrownhn@etsy.com,Male,171.57.180.14
637,Teresa,Fernandez,tfernandezho@indiegogo.com,Female,232.80.134.78
638,Jonathan,Lane,jlanehp@prweb.com,Male,132.212.23.228
639,George,Greene,ggreenehq@prlog.org,Male,115.195.199.216
640,Joyce,Simmons,jsimmonshr@webmd.com,Female,252.12.92.184
641,Fred,Arnold,farnoldhs@geocities.com,Male,16.6.83.77
642,Martha,Hill,mhillht@skype.com,Female,104.8.29.14
643,Margaret,Mcdonald,mmcdonaldhu@prnewswire.com,Female,87.69.39.202
644,Phillip,Hayes,phayeshv@4shared.com,Male,1.205.84.203
645,Sean,Rogers,srogershw@bbc.co.uk,Male,79.249.167.164
646,Gary,Chapman,gchapmanhx@google.co.uk,Male,50.63.213.207
647,Kenneth,Ross,krosshy@gnu.org,Male,45.221.75.89
648,Christina,Day,cdayhz@google.com.au,Female,149.165.235.240
649,Richard,Wright,rwrighti0@tiny.cc,Male,74.66.201.165
650,Brian,Oliver,boliveri1@wunderground.com,Male,238.77.31.198
651,Carol,Richardson,crichardsoni2@over-blog.com,Female,3.225.229.131
652,Jonathan,Henry,jhenryi3@t-online.de,Male,22.97.229.121
653,Albert,Ruiz,aruizi4@nytimes.com,Male,241.47.241.118
654,Teresa,Medina,tmedinai5@etsy.com,Female,110.247.26.50
655,Barbara,Taylor,btaylori6@moonfruit.com,Female,150.12.68.223
656,Roy,Mason,rmasoni7@theguardian.com,Male,50.177.42.82
657,Kathryn,Little,klittlei8@vimeo.com,Female,152.147.147.111
658,Gregory,Burton,gburtoni9@wired.com,Male,73.223.163.205
659,Scott,Johnston,sjohnstonia@squidoo.com,Male,214.45.92.91
660,Cheryl,Carpenter,ccarpenterib@nymag.com,Female,240.232.85.235
661,Frank,Mendoza,fmendozaic@w3.org,Male,73.37.167.39
662,Catherine,Day,cdayid@wisc.edu,Female,142.169.242.211
663,Sean,Martinez,smartinezie@hao123.com,Male,100.212.184.247
664,Paula,Andrews,pandrewsif@sitemeter.com,Female,139.144.36.128
665,Fred,Hanson,fhansonig@msn.com,Male,187.80.179.47
666,Antonio,Phillips,aphillipsih@hc360.com,Male,214.92.8.46
667,Howard,Daniels,hdanielsii@uol.com.br,Male,160.229.232.125
668,Jessica,Gutierrez,jgutierrezij@phoca.cz,Female,210.170.19.57
669,Anna,Fuller,afullerik@blogtalkradio.com,Female,210.32.200.158
670,Justin,Mendoza,jmendozail@posterous.com,Male,19.153.233.210
671,George,Harper,gharperim@alexa.com,Male,147.63.196.192
672,Teresa,Henderson,thendersonin@people.com.cn,Female,208.194.225.109
673,Kenneth,Rivera,kriveraio@mail.ru,Male,75.217.1.166
674,Julia,Mendoza,jmendozaip@dell.com,Female,146.154.217.58
675,Daniel,Simmons,dsimmonsiq@pagesperso-orange.fr,Male,112.248.238.9
676,Justin,Smith,jsmithir@t-online.de,Male,207.180.92.33
677,Albert,Burns,aburnsis@shareasale.com,Male,250.31.69.173
678,Kathryn,Allen,kallenit@php.net,Female,17.228.135.205
679,Evelyn,Mcdonald,emcdonaldiu@blogtalkradio.com,Female,62.207.160.61
680,Emily,George,egeorgeiv@economist.com,Female,98.35.43.161
681,Fred,Ray,frayiw@spotify.com,Male,119.142.201.168
682,Martha,Holmes,mholmesix@usatoday.com,Female,237.152.202.211
683,Jeffrey,Hayes,jhayesiy@berkeley.edu,Male,139.190.236.249
684,Russell,Chavez,rchaveziz@mail.ru,Male,240.159.38.143
685,Linda,Harris,lharrisj0@scribd.com,Female,75.118.99.5
686,Alan,Henry,ahenryj1@squidoo.com,Male,18.219.29.43
687,William,Washington,wwashingtonj2@topsy.com,Male,226.30.14.7
688,Lisa,Turner,lturnerj3@slate.com,Female,69.172.211.28
689,Fred,Lane,flanej4@1und1.de,Male,61.5.47.54
690,Shirley,Lawrence,slawrencej5@ucla.edu,Female,94.93.60.201
691,James,Sims,jsimsj6@constantcontact.com,Male,193.94.109.46
692,Jerry,Rice,jricej7@aol.com,Male,95.83.147.150
693,Harry,Mills,hmillsj8@state.gov,Male,249.1.98.19
694,Emily,Sullivan,esullivanj9@techcrunch.com,Female,144.7.207.74
695,Joan,Brown,jbrownja@home.pl,Female,255.55.212.75
696,Wanda,Fox,wfoxjb@imgur.com,Female,226.181.188.157
697,Roger,Fisher,rfisherjc@blinklist.com,Male,107.67.28.63
698,Martha,Cunningham,mcunninghamjd@aol.com,Female,64.35.125.232
699,Michelle,Watson,mwatsonje@bloomberg.com,Female,60.142.92.198
700,Jonathan,Lewis,jlewisjf@bloglines.com,Male,107.3.117.23
701,Martin,Hart,mhartjg@cloudflare.com,Male,111.237.159.17
702,Jack,Thomas,jthomasjh@nbcnews.com,Male,18.33.209.185
703,Phyllis,Dean,pdeanji@smugmug.com,Female,233.212.145.43
704,Joseph,Wagner,jwagnerjj@indiatimes.com,Male,37.220.39.104
705,Brenda,Matthews,bmatthewsjk@php.net,Female,33.199.233.2
706,Richard,Wright,rwrightjl@mit.edu,Male,67.50.203.16
707,Willie,Grant,wgrantjm@webnode.com,Male,147.16.48.33
708,Nancy,Carpenter,ncarpenterjn@unicef.org,Female,125.183.168.41
709,Joseph,Fuller,jfullerjo@zimbio.com,Male,179.82.205.57
710,Virginia,West,vwestjp@ycombinator.com,Female,205.26.53.171
711,Pamela,Wagner,pwagnerjq@washingtonpost.com,Female,232.170.100.212
712,Albert,Harvey,aharveyjr@amazon.de,Male,91.232.246.75
713,Joshua,Howard,jhowardjs@canalblog.com,Male,85.124.45.4
714,Jennifer,Chapman,jchapmanjt@cbsnews.com,Female,82.144.182.74
715,Steve,West,swestju@usatoday.com,Male,250.168.67.227
716,Henry,Peters,hpetersjv@answers.com,Male,227.202.223.36
717,Randy,Powell,rpowelljw@cnet.com,Male,115.179.3.132
718,Roger,Alexander,ralexanderjx@plala.or.jp,Male,3.88.15.63
719,Frances,Martinez,fmartinezjy@acquirethisname.com,Female,174.133.15.121
720,Paula,Medina,pmedinajz@hatena.ne.jp,Female,248.177.174.211
721,Kathryn,Green,kgreenk0@cnbc.com,Female,207.159.223.120
722,Bruce,Taylor,btaylork1@ustream.tv,Male,58.130.77.186
723,Helen,Andrews,handrewsk2@jimdo.com,Female,182.251.189.17
724,Harold,Fuller,hfullerk3@comcast.net,Male,201.103.110.239
725,Tammy,Davis,tdavisk4@bravesites.com,Female,176.187.24.78
726,Gary,Lee,gleek5@prlog.org,Male,99.147.185.125
727,Justin,Adams,jadamsk6@dailymotion.com,Male,154.44.249.96
728,Joseph,Harris,jharrisk7@flickr.com,Male,207.117.75.40
729,Gregory,Schmidt,gschmidtk8@stumbleupon.com,Male,208.44.183.190
730,Eugene,Campbell,ecampbellk9@blogspot.com,Male,162.70.211.255
731,Terry,Collins,tcollinska@google.com.br,Male,23.156.23.31
732,Norma,Little,nlittlekb@samsung.com,Female,243.200.51.3
733,Jimmy,Hernandez,jhernandezkc@dot.gov,Male,75.142.8.172
734,Ralph,Young,ryoungkd@businessinsider.com,Male,68.46.104.112
735,Beverly,Gonzalez,bgonzalezke@barnesandnoble.com,Female,4.161.183.41
736,Donald,Banks,dbankskf@typepad.com,Male,207.170.140.157
737,Michael,Russell,mrussellkg@ning.com,Male,88.172.14.249
738,Stephanie,Woods,swoodskh@wikispaces.com,Female,206.13.35.49
739,Aaron,Harper,aharperki@uiuc.edu,Male,177.51.160.19
740,Ronald,Alexander,ralexanderkj@hp.com,Male,232.136.66.61
741,Carl,Ward,cwardkk@msn.com,Male,14.31.123.99
742,Aaron,Gomez,agomezkl@bluehost.com,Male,49.107.170.210
743,Helen,Cole,hcolekm@theatlantic.com,Female,211.48.143.193
744,Dorothy,Kim,dkimkn@prweb.com,Female,227.250.33.205
745,Dorothy,Foster,dfosterko@tamu.edu,Female,245.22.201.227
746,Andrew,Butler,abutlerkp@odnoklassniki.ru,Male,173.70.137.102
747,Kathryn,Bailey,kbaileykq@si.edu,Female,249.235.75.110
748,Jerry,Torres,jtorreskr@baidu.com,Male,197.153.123.46
749,Ashley,Murray,amurrayks@cbsnews.com,Female,69.169.34.190
750,Melissa,Watson,mwatsonkt@geocities.com,Female,13.33.105.230
751,Sean,Johnston,sjohnstonku@ox.ac.uk,Male,88.238.78.167
752,Pamela,Moore,pmoorekv@va.gov,Female,178.31.250.153
753,Gerald,Grant,ggrantkw@over-blog.com,Male,140.134.75.182
754,Bruce,Pierce,bpiercekx@ebay.co.uk,Male,40.215.242.231
755,John,Hunt,jhuntky@github.io,Male,137.89.212.76
756,Victor,Turner,vturnerkz@cbc.ca,Male,38.57.51.94
757,Alan,Sullivan,asullivanl0@com.com,Male,136.106.228.57
758,Roger,Howard,rhowardl1@techcrunch.com,Male,94.14.21.129
759,Randy,Matthews,rmatthewsl2@phpbb.com,Male,187.207.186.182
760,Michael,Campbell,mcampbelll3@soundcloud.com,Male,60.134.205.93
761,Billy,Price,bpricel4@boston.com,Male,102.83.124.109
762,Sara,Peterson,spetersonl5@adobe.com,Female,249.44.147.152
763,Angela,Williamson,awilliamsonl6@webs.com,Female,39.29.155.168
764,Albert,Washington,awashingtonl7@netvibes.com,Male,166.13.199.29
765,Antonio,Richards,arichardsl8@dot.gov,Male,81.29.134.193
766,Ernest,Chavez,echavezl9@ehow.com,Male,204.182.92.151
767,Frances,Boyd,fboydla@usa.gov,Female,174.61.40.196
768,Kelly,Moore,kmoorelb@alexa.com,Female,79.226.112.71
769,Jose,Patterson,jpattersonlc@si.edu,Male,191.240.186.51
770,Kathleen,Grant,kgrantld@google.de,Female,9.140.190.116
771,Shirley,Thomas,sthomasle@360.cn,Female,68.223.101.244
772,Patrick,West,pwestlf@usatoday.com,Male,114.132.186.90
773,Henry,Ramirez,hramirezlg@oakley.com,Male,44.3.139.174
774,Lillian,Perkins,lperkinslh@psu.edu,Female,135.127.215.238
775,Joseph,Murphy,jmurphyli@oaic.gov.au,Male,41.133.183.96
776,Juan,Ramos,jramoslj@samsung.com,Male,250.8.106.167
777,Judith,Nichols,jnicholslk@scribd.com,Female,74.80.255.64
778,Brian,Meyer,bmeyerll@hatena.ne.jp,Male,57.237.195.208
779,Jennifer,Ross,jrosslm@acquirethisname.com,Female,195.96.38.140
780,Mark,Baker,mbakerln@mysql.com,Male,22.161.86.125
781,Anne,Simpson,asimpsonlo@marketwatch.com,Female,185.60.68.17
782,William,Vasquez,wvasquezlp@over-blog.com,Male,102.167.206.138
783,Timothy,Lewis,tlewislq@dailymail.co.uk,Male,228.242.182.174
784,Diana,Armstrong,darmstronglr@businesswire.com,Female,32.75.121.71
785,Sandra,Taylor,staylorls@arizona.edu,Female,221.231.127.221
786,Juan,Peterson,jpetersonlt@flickr.com,Male,164.132.171.104
787,Larry,Hicks,lhickslu@wufoo.com,Male,10.170.243.219
788,Keith,Barnes,kbarneslv@aboutads.info,Male,158.253.164.13
789,Diane,Reyes,dreyeslw@salon.com,Female,62.132.206.115
790,Angela,Holmes,aholmeslx@pbs.org,Female,158.9.238.211
791,Julie,Peterson,jpetersonly@shinystat.com,Female,244.245.65.63
792,Albert,Ross,arosslz@cargocollective.com,Male,174.216.226.30
793,Billy,Schmidt,bschmidtm0@zimbio.com,Male,124.193.70.198
794,Jonathan,Rogers,jrogersm1@noaa.gov,Male,191.62.130.154
795,Donna,Hamilton,dhamiltonm2@huffingtonpost.com,Female,197.49.228.184
796,Kevin,Ramirez,kramirezm3@free.fr,Male,250.62.74.43
797,Doris,George,dgeorgem4@theguardian.com,Female,193.113.22.243
798,Joseph,Henderson,jhendersonm5@indiegogo.com,Male,153.135.7.230
799,Debra,Ray,draym6@typepad.com,Female,148.222.71.72
800,Bonnie,Lopez,blopezm7@gmpg.org,Female,222.137.189.248
801,Phyllis,Perez,pperezm8@shinystat.com,Female,212.231.180.179
802,Ruby,Gomez,rgomezm9@oracle.com,Female,97.69.20.177
803,Victor,Mitchell,vmitchellma@cyberchimps.com,Male,69.178.137.101
804,Jason,Allen,jallenmb@opensource.org,Male,147.18.113.116
805,Kathy,Adams,kadamsmc@boston.com,Female,198.46.108.79
806,Martin,Graham,mgrahammd@vkontakte.ru,Male,57.89.29.197
807,John,Peters,jpetersme@narod.ru,Male,103.183.76.143
808,Donald,Mitchell,dmitchellmf@psu.edu,Male,140.137.203.33
809,Susan,Carpenter,scarpentermg@cafepress.com,Female,21.160.237.112
810,Karen,Torres,ktorresmh@hostgator.com,Female,113.115.193.26
811,Virginia,Daniels,vdanielsmi@wisc.edu,Female,222.68.212.170
812,Kevin,Jones,kjonesmj@nsw.gov.au,Male,182.43.31.98
813,Lillian,Snyder,lsnydermk@fc2.com,Female,124.177.62.254
814,Carlos,Rice,criceml@google.de,Male,242.91.213.147
815,Anthony,Kelley,akelleymm@princeton.edu,Male,81.239.198.68
816,Stephen,Walker,swalkermn@mac.com,Male,208.102.128.3
817,Evelyn,Bradley,ebradleymo@moonfruit.com,Female,36.93.80.208
818,Martha,Torres,mtorresmp@nyu.edu,Female,159.113.87.4
819,Todd,Shaw,tshawmq@sogou.com,Male,223.220.57.124
820,Martin,Franklin,mfranklinmr@topsy.com,Male,146.8.31.206
821,Catherine,Brown,cbrownms@parallels.com,Female,182.165.232.120
822,Joyce,Hill,jhillmt@paginegialle.it,Female,219.124.206.170
823,Rebecca,Harrison,rharrisonmu@homestead.com,Female,32.243.5.45
824,Elizabeth,Elliott,eelliottmv@aboutads.info,Female,207.24.37.202
825,Kathleen,Wood,kwoodmw@php.net,Female,12.46.132.15
826,Shawn,Diaz,sdiazmx@cmu.edu,Male,6.13.54.243
827,Kenneth,Greene,kgreenemy@weebly.com,Male,52.212.96.37
828,Marie,Coleman,mcolemanmz@woothemes.com,Female,30.125.240.60
829,Ernest,Mendoza,emendozan0@ifeng.com,Male,147.130.14.3
830,Michael,Hughes,mhughesn1@usa.gov,Male,90.191.98.112
831,Robin,Arnold,rarnoldn2@bandcamp.com,Female,115.175.212.44
832,Antonio,Fisher,afishern3@unblog.fr,Male,232.107.82.129
833,Emily,Williamson,ewilliamsonn4@qq.com,Female,60.186.7.163
834,Robin,Cole,rcolen5@blogspot.com,Female,118.252.103.192
835,Antonio,Chapman,achapmann6@blinklist.com,Male,72.131.57.250
836,William,Watson,wwatsonn7@washington.edu,Male,126.216.185.103
837,Heather,White,hwhiten8@marketwatch.com,Female,89.35.183.83
838,Lisa,Schmidt,lschmidtn9@opensource.org,Female,17.246.4.20
839,Jean,Matthews,jmatthewsna@bloglines.com,Female,241.223.252.23
840,Arthur,Morris,amorrisnb@mit.edu,Male,83.209.166.111
841,Brian,Montgomery,bmontgomerync@discovery.com,Male,178.214.220.191
842,Jesse,Burns,jburnsnd@state.tx.us,Male,55.254.20.174
843,Amanda,Ford,afordne@who.int,Female,187.53.69.165
844,Deborah,Grant,dgrantnf@networkadvertising.org,Female,25.243.101.187
845,Bonnie,Barnes,bbarnesng@deviantart.com,Female,181.182.68.171
846,Arthur,Harper,aharpernh@ft.com,Male,218.241.136.98
847,Earl,Jacobs,ejacobsni@github.com,Male,187.136.112.83
848,Scott,Harvey,sharveynj@bizjournals.com,Male,62.167.170.174
849,Kathleen,Mason,kmasonnk@cargocollective.com,Female,69.215.184.106
850,Robin,Jordan,rjordannl@edublogs.org,Female,193.93.184.112
851,Amy,Martinez,amartineznm@icq.com,Female,204.91.38.73
852,Carl,Burke,cburkenn@archive.org,Male,201.14.234.121
853,Victor,Payne,vpayneno@live.com,Male,206.18.122.55
854,Jose,Cruz,jcruznp@ask.com,Male,57.196.218.251
855,Beverly,Moreno,bmorenonq@shop-pro.jp,Female,223.30.148.208
856,Susan,Edwards,sedwardsnr@admin.ch,Female,43.150.78.95
857,Phyllis,Robinson,probinsonns@salon.com,Female,194.86.1.37
858,Patrick,Harrison,pharrisonnt@domainmarket.com,Male,68.162.45.137
859,Janet,Ray,jraynu@usnews.com,Female,141.171.204.145
860,Michelle,Romero,mromeronv@instagram.com,Female,163.231.231.16
861,Deborah,Ortiz,dortiznw@hugedomains.com,Female,126.244.102.119
862,Terry,Kelley,tkelleynx@skype.com,Male,167.54.212.194
863,Beverly,Jordan,bjordanny@mit.edu,Female,152.58.56.130
864,Sara,King,skingnz@theatlantic.com,Female,172.204.194.62
865,Randy,Burke,rburkeo0@imgur.com,Male,122.229.210.36
866,Jeffrey,Mccoy,jmccoyo1@wiley.com,Male,190.226.32.158
867,Anthony,Sanchez,asanchezo2@time.com,Male,113.41.107.52
868,Angela,Stevens,astevenso3@hao123.com,Female,71.211.173.244
869,Johnny,Kelly,jkellyo4@multiply.com,Male,131.102.159.182
870,Cynthia,Black,cblacko5@sciencedirect.com,Female,192.90.133.25
871,Ruth,Banks,rbankso6@utexas.edu,Female,205.49.254.243
872,Sarah,Kim,skimo7@cmu.edu,Female,254.111.23.23
873,Brenda,Diaz,bdiazo8@google.com,Female,27.33.228.251
874,Frances,Howard,fhowardo9@nsw.gov.au,Female,63.140.7.154
875,Brenda,Howard,bhowardoa@fda.gov,Female,14.215.120.66
876,Carol,Matthews,cmatthewsob@canalblog.com,Female,239.91.151.208
877,Randy,Jackson,rjacksonoc@scientificamerican.com,Male,54.201.225.32
878,George,Graham,ggrahamod@un.org,Male,82.38.38.96
879,Terry,Miller,tmilleroe@comcast.net,Male,189.166.192.110
880,Jeffrey,Wright,jwrightof@google.fr,Male,164.15.57.11
881,Nicole,Hudson,nhudsonog@scribd.com,Female,9.183.67.75
882,Rebecca,Chapman,rchapmanoh@xing.com,Female,244.187.182.203
883,Phyllis,Romero,promerooi@imgur.com,Female,42.130.198.214
884,Roy,Bell,rbelloj@psu.edu,Male,2.138.52.126
885,Paul,Duncan,pduncanok@sogou.com,Male,105.193.84.220
886,Ralph,Garcia,rgarciaol@sakura.ne.jp,Male,144.87.244.201
887,Jonathan,Crawford,jcrawfordom@umich.edu,Male,182.172.67.226
888,Steve,Mccoy,smccoyon@cloudflare.com,Male,18.248.124.135
889,Benjamin,Medina,bmedinaoo@wikispaces.com,Male,50.204.211.205
890,Joyce,Parker,jparkerop@hibu.com,Female,109.154.212.99
891,Ronald,Chavez,rchavezoq@moonfruit.com,Male,32.34.40.239
892,Elizabeth,Garza,egarzaor@alexa.com,Female,50.96.187.100
893,Pamela,Long,plongos@smh.com.au,Female,118.250.208.45
894,Doris,Carr,dcarrot@biblegateway.com,Female,113.84.227.153
895,Ralph,Lawson,rlawsonou@newyorker.com,Male,72.161.235.101
896,Jonathan,Chavez,jchavezov@flickr.com,Male,206.251.66.104
897,Eric,Burton,eburtonow@google.it,Male,89.136.166.74
898,Katherine,Gonzalez,kgonzalezox@businessinsider.com,Female,41.38.31.129
899,Jane,Webb,jwebboy@bloglines.com,Female,146.188.255.118
900,Ashley,Butler,abutleroz@php.net,Female,176.93.69.162
901,Kathryn,Stephens,kstephensp0@gnu.org,Female,99.147.119.231
902,Earl,Hanson,ehansonp1@multiply.com,Male,109.111.154.172
903,Philip,Coleman,pcolemanp2@tinyurl.com,Male,124.38.58.229
904,Stephen,Stone,sstonep3@storify.com,Male,200.76.245.69
905,John,Hernandez,jhernandezp4@multiply.com,Male,222.173.72.230
906,Scott,Rice,sricep5@amazon.co.uk,Male,57.92.248.202
907,Juan,Peterson,jpetersonp6@answers.com,Male,154.17.157.157
908,Howard,Jones,hjonesp7@t.co,Male,51.32.189.234
909,Raymond,Kennedy,rkennedyp8@dyndns.org,Male,114.8.241.254
910,Kathy,Williams,kwilliamsp9@flavors.me,Female,126.174.100.255
911,Stephanie,Wallace,swallacepa@time.com,Female,177.30.145.103
912,Louis,Henry,lhenrypb@infoseek.co.jp,Male,66.41.23.51
913,Martha,Oliver,moliverpc@alexa.com,Female,105.95.42.39
914,Benjamin,Powell,bpowellpd@upenn.edu,Male,36.75.9.48
915,Annie,Ryan,aryanpe@cbsnews.com,Female,228.154.168.253
916,Jonathan,Knight,jknightpf@bloomberg.com,Male,104.195.144.239
917,Frances,Gonzalez,fgonzalezpg@ezinearticles.com,Female,251.98.216.34
918,Dennis,Ellis,dellisph@jimdo.com,Male,44.210.202.29
919,Joshua,Carr,jcarrpi@samsung.com,Male,178.255.203.204
920,Peter,Mcdonald,pmcdonaldpj@hhs.gov,Male,57.242.23.225
921,John,Fisher,jfisherpk@google.com.br,Male,231.249.53.171
922,Bruce,Ramos,bramospl@wp.com,Male,87.146.253.142
923,Harry,Wood,hwoodpm@google.co.uk,Male,181.203.155.75
924,Victor,Williamson,vwilliamsonpn@blog.com,Male,113.106.136.16
925,Larry,Thompson,lthompsonpo@webs.com,Male,234.250.35.169
926,Joseph,Graham,jgrahampp@creativecommons.org,Male,96.56.199.30
927,Julia,Hall,jhallpq@wufoo.com,Female,135.64.160.49
928,Arthur,Fernandez,afernandezpr@google.es,Male,25.192.139.137
929,Carlos,Lynch,clynchps@soundcloud.com,Male,14.146.169.121
930,Michael,Garrett,mgarrettpt@netscape.com,Male,177.49.240.56
931,Judy,Long,jlongpu@so-net.ne.jp,Female,13.213.62.96
932,Edward,Hunt,ehuntpv@boston.com,Male,7.233.11.203
933,Russell,Ellis,rellispw@japanpost.jp,Male,88.132.110.12
934,Jesse,Clark,jclarkpx@mac.com,Male,14.65.233.203
935,Carolyn,Romero,cromeropy@wikia.com,Female,1.138.59.196
936,Eugene,Alexander,ealexanderpz@reference.com,Male,92.56.193.236
937,Dennis,Franklin,dfranklinq0@cmu.edu,Male,214.193.26.88
938,Denise,James,djamesq1@nsw.gov.au,Female,139.48.30.100
939,Susan,Mills,smillsq2@cdbaby.com,Female,69.30.130.140
940,Emily,Richards,erichardsq3@unc.edu,Female,237.79.241.40
941,Diana,Butler,dbutlerq4@wikia.com,Female,55.123.202.33
942,Chris,Gordon,cgordonq5@pcworld.com,Male,13.202.141.238
943,Phillip,Knight,pknightq6@ifeng.com,Male,64.98.53.117
944,Joan,Price,jpriceq7@businessweek.com,Female,21.76.89.195
945,Craig,Schmidt,cschmidtq8@mediafire.com,Male,234.219.180.40
946,Judy,Roberts,jrobertsq9@scribd.com,Female,68.28.63.70
947,Theresa,Greene,tgreeneqa@europa.eu,Female,79.187.76.15
948,Paul,Burns,pburnsqb@loc.gov,Male,4.148.246.142
949,Anne,Riley,arileyqc@google.cn,Female,144.137.229.235
950,Randy,Sullivan,rsullivanqd@apache.org,Male,159.158.248.117
951,Willie,Perry,wperryqe@globo.com,Male,246.16.69.115
952,Catherine,Rice,criceqf@themeforest.net,Female,254.253.85.229
953,Jacqueline,Duncan,jduncanqg@quantcast.com,Female,179.2.183.175
954,Dorothy,Russell,drussellqh@mapquest.com,Female,109.85.211.214
955,Andrew,Butler,abutlerqi@google.fr,Male,179.114.62.45
956,Lori,Davis,ldavisqj@taobao.com,Female,39.178.244.134
957,Victor,Fuller,vfullerqk@google.ca,Male,230.104.255.6
958,Larry,Lawson,llawsonql@mapquest.com,Male,10.24.64.172
959,Sarah,Mills,smillsqm@addtoany.com,Female,73.168.127.144
960,Deborah,Anderson,dandersonqn@studiopress.com,Female,59.81.30.252
961,David,Chapman,dchapmanqo@people.com.cn,Male,141.236.179.202
962,Heather,Edwards,hedwardsqp@cbc.ca,Female,243.187.68.88
963,Gerald,Harrison,gharrisonqq@weibo.com,Male,105.247.3.221
964,James,Ward,jwardqr@dion.ne.jp,Male,53.27.95.10
965,Joseph,Oliver,joliverqs@unblog.fr,Male,176.19.34.161
966,Kathy,Meyer,kmeyerqt@wikispaces.com,Female,99.149.98.211
967,Phillip,Reed,preedqu@furl.net,Male,153.178.114.244
968,Jonathan,Murphy,jmurphyqv@slate.com,Male,197.42.5.111
969,James,Nichols,jnicholsqw@csmonitor.com,Male,60.176.142.73
970,Louise,Pierce,lpierceqx@amazonaws.com,Female,143.10.230.243
971,Ruby,Robinson,rrobinsonqy@infoseek.co.jp,Female,189.223.6.162
972,Doris,Davis,ddavisqz@youtube.com,Female,11.165.37.153
973,Eugene,Fernandez,efernandezr0@bizjournals.com,Male,114.60.106.241
974,Fred,Cruz,fcruzr1@ebay.co.uk,Male,50.42.107.233
975,Lawrence,Gilbert,lgilbertr2@prnewswire.com,Male,134.233.28.155
976,Gary,Burton,gburtonr3@is.gd,Male,147.105.33.221
977,Cynthia,Richardson,crichardsonr4@parallels.com,Female,30.84.41.222
978,Janice,Bishop,jbishopr5@reuters.com,Female,185.110.143.242
979,Shawn,Ford,sfordr6@so-net.ne.jp,Male,47.40.42.206
980,Brian,Ruiz,bruizr7@soundcloud.com,Male,79.244.143.63
981,Wayne,Kim,wkimr8@storify.com,Male,153.215.122.196
982,Dorothy,Dixon,ddixonr9@squidoo.com,Female,81.143.82.30
983,Helen,Fields,hfieldsra@ycombinator.com,Female,229.123.178.65
984,Judy,Little,jlittlerb@hc360.com,Female,199.107.82.58
985,Brandon,Riley,brileyrc@senate.gov,Male,41.198.239.34
986,Lori,Lynch,llynchrd@shareasale.com,Female,16.196.166.189
987,Carlos,Anderson,candersonre@walmart.com,Male,124.167.114.118
988,Lori,Willis,lwillisrf@huffingtonpost.com,Female,76.110.26.176
989,Richard,Lewis,rlewisrg@ifeng.com,Male,199.195.16.30
990,Maria,Marshall,mmarshallrh@imdb.com,Female,216.47.41.189
991,Adam,Spencer,aspencerri@163.com,Male,158.137.161.45
992,Rebecca,Harper,rharperrj@irs.gov,Female,34.244.99.120
993,Harold,Boyd,hboydrk@smh.com.au,Male,63.106.235.63
994,Christina,Sanders,csandersrl@zimbio.com,Female,171.87.24.198
995,Fred,Hamilton,fhamiltonrm@amazon.de,Male,50.241.253.92
996,Benjamin,Perkins,bperkinsrn@house.gov,Male,64.171.54.222
997,Frank,Young,fyoungro@china.com.cn,Male,41.152.231.199
998,Sean,Kennedy,skennedyrp@spiegel.de,Male,210.2.162.25
999,Craig,Long,clongrq@biglobe.ne.jp,Male,136.4.145.25
1000,Philip,Castillo,pcastillorr@dot.gov,Male,32.221.8.250
